Score,Evaluation
4.8,超级方便，地铁浦东大道站1出口出来对面就是，不用走很多路，穿很小的马路。只是周边最近在施工，看起来比较简陋。酒店还是很不错的。床也很舒服。整个都比较安静，私密。就是早餐自助餐稍微简单了点，没什么特别的，寿司包饭很不好吃，鸡蛋饼很赞。儿童半价八十九也略贵了些，这个价格一般都可以享用晚餐了。毕竟早饭还是单调的，有点感觉不值。虽然有双早，也不能撇下一个出去吃
4.3,先说好的：酒店在4号地铁旁边很方便，酒店设施也很新，房间蛮大，拉开窗帘就看见黄浦江。晚上开门回来空调已经预先打开了，一开门就很凉快，这点很不错。再说不足的：大堂服务员不够热情没笑脸，还不没有清洁阿姨的笑容多！前台办理入住和退房速度很慢，感觉业务比较生疏，我办好入住拿房卡居然开不了房，还是清洁阿姨帮忙开的，后来出去到前台重新弄了下，等晚上回来居然还打不开只好下楼又重新刷下才打开门！希望下次有所改进。
4.3,酒店4号线出来就是，交通很方便，离陆家嘴，八佰伴也蛮近。最近在修路有点乱，楼层高靠黄埔江边蛮不错，房间装修还算是蛮新的，打扫也蛮干净，就是附近没什么吃饭的，下次可以再来
4.3,位置位于浦东经济区的旁边，交通还是很便利的，如果坐地铁就在1号出口对面。酒店整体装修还是比较符合五星标准，我定了3间房，不得不说我跟我朋友对这家酒店的整体服务不是很满意，根本达不到五星标准： 我们是晚上快8点到酒店的，那边正好修路。刚开上酒店入口斜坡发现有些三角路障，保安站在旁边，没有任何标识，我们还以为是没车位，还想开上去点问下保安，结果保安居然理都不理转过了身 酒店的接待等服务员没啥笑脸。早上去餐厅吃早餐有个区域好像是专门给行政楼层的，again没有标识，我跟我家小孩刚转过去，一个服务员拦住我们，面无表情要求我们不能坐在这儿......说话语言懂吗？对不起或者请都不会说吗？那种语气说出来感觉浑身不得劲，感觉有点看不起我们定了标间的，人家是专门给行政服务的。 另外儿子要求吃水煮蛋，我去拿看到正好在煮，我向厨师要求拿2只，他很不耐烦地说：这是别人定的。我说：那能帮我煮2只吗？他居然反复问我：你要吗？2只？......我是没说清楚还是这个要求给您造成了麻烦？去拿鸡蛋正好有个老外要求煮蛋液，那个服务态度啊，简直天差地别了。 最后老公说了以后要定酒店一定要定五星连锁，宁可贵点，我也愿意买那个服务。
4.5,酒店位于浦东，在地铁站出口对面，交通十分方便。周围居民区，风景自然不比景点，不过胜在用餐方便，到达第一天就去了早餐店吃生煎和小笼，很好吃。酒店的早餐对比五星酒店来说乏善可陈，148一人实在不值。房间还不错，淋浴间地板比较差，其他还不错，尤其我们提前到10：40就给我办入住，很棒的服务。总之，很满意的一次住宿。
4.8,在携程预付担保几次最后都没房间，提价才有房间，携程现在可恶了。最后定了裕景，很好，就在地铁口出行非常方便，遗憾的是酒店前面修路，酒店泳池没有开，不过我们住四晚前台将我们房型连升三级至套房，套房内的大浴缸足以让小孩满足了，非常谢谢前台。5楼御庭的菜也不错。
4.5,酒店位子不错， 离世博园和陆家嘴中心都蛮近的，高级大床房也有个大飘窗，可以看到江景，小孩子很兴奋，服务态度都很好， 也很安静， 酒店大致看上去还是蛮干净，但是角角落落还是有明显的灰尘，卫生间干湿分离很好， 但是马桶边没有扔纸巾的垃圾桶，这点不太好，要的婴儿床明显使用很久的痕迹， 有些螺丝已经坏了，不太安全，有待改善。自助餐还是很丰盛的。
4.8,各项其实都不错，入住时正在修地铁，当时怕吵还想退住，前台的服务生给我安排了最高楼层，一点也不吵，风景还很好。早餐很丰富，如果不急的话可以慢慢享用。
4.5,"被免M升到高房,性r比高。酒店前台人T和餐d服丈不光f英Z,f日Z,真正的能面Σ煌地方的客人。房g的落地玻璃人可以h眺家嘴金融地段,可以看到γ嫫治鞯泥]a^,那是虹口^吧?！ l生g淋浴沉浴都有,超大的。 酒店上在修地F,h境有一cc影。另外前面就只有渺渺免M停位,爆M了就只能到地下室的收M炝恕"
5,地铁4号线出站即到，非常方便，酒店设施新，服务周到，房间可以看到黄浦江，住的非常舒服，五星的服务，实惠的价格，早饭也非常丰富，什么风格的早餐都有，有个鸡蛋卷很好吃，携程的服务也值得信赖，让我们度过了一个非常愉快的国庆假期
4.3,附近好多地方在施工，有点遗憾，附近的4号线地铁很方便，房间很舒适。就是没有无线网，值得一提的是早餐，我孩子五周岁，所以免费，食物应有尽有，吃的很丰盛，环境很好，因为外滩回来晚了，所以没带孩子去酒店那边游泳，可惜了，下次应该还会选择，下次会选择观景更好的房间
5,酒店位置还不错，虽然门口在修路，可能住的楼层比较高，一点都不吵。从房间还可以看到黄浦江，晚上景色不错。设施服务都具备五星标准，总得来说比较满意！
4.8,以相当划算的价格于清明连假入住行政房一晚，这类商务酒店大多是工作日比假日贵的。商务楼层在38F以上，可享用行政酒廊K在38F办理入住退房手续。 1.房间：虽然行政房不大，但非常喜欢房间整体的通透感，包括大片落地窗，可欣赏到陆家嘴及S浦江风景、浴室的L型透明玻璃、房间内到处都有的大片镜子。设备稍微有点旧了，不过基本都是国际大牌，也有ipod音响，床很好睡，小缺点就是吹风机松了无法固定在插座上，熨衣板立不g。 2.餐饮：行政酒廊餐饮酒水挺丰富的，有Evian 、Perrier、现榨果汁，不喝软饮酒类就没注意有那些了。开放时间都有小点心和水果，中午和晚上happy hour有提供咸点，我们简单吃吃也饱了。早餐选在3F自助餐体验一下，种类是真的很丰富，中西日式都有，不过下回应该会选择在行政酒廊吃早饭比较精致。??程预定有送大堂吧的双人下午茶，不过不是兑换券图片上的英式下午茶，而是善自选蛋糕和茶或咖啡，口味还不错，bar的夥蘸芎谩 3.服务：领取下午茶券时发生小状况，感觉员工之间沟通和工作交接上可再加强，但服务态度还是很好的，也顺利解决问题。顺带一提在大堂吧点了大吉岭红茶，但来的居然是伯爵茶，我不太喜欢伯爵茶，但双人份超大一壶，本著不浪费的习惯就不Q了，希望能更注意细节。 4.酒店整体装修和设备是不错的，交通也方便，门口修地铁造成一些噪音，周围环境显得比较乱，但酒店炔棵挥杏跋臁Ｌ乇鹣不club lounge的夥眨待在lounge里面很舒服悠闲，也去使用了一下健身房，度过很愉快的假期，下次有机会还会再来，也会推荐给亲友。
5,"前台很nice,提的要求都表示会尽量满足，安排的房间在30楼，夜晚窗外灯光汇集，宛若繁星，孩子很喜欢！大上海的夜景真的一点都不比香港差唉，棒棒哒~从东方明珠回来，坐81路两三站而已，下车就是酒店。去科技馆坐地铁两站路，so easy!酒店不错，景点真的很坑很so so..东方明珠人超级多，科技馆比较老旧。倒是酒店的按摩泳池给孩子带来不少乐趣，弥补了景点的不足！最后两点不足是1衣橱的门关不严，从门缝里透出一丝灯光，让我这个有强迫症的不是很舒服。我是3004房间。2空调略吵。"
4.3,酒店的地理位置不错，距离东方明珠和第一八佰伴都只有2公里的距离，门口就是4号线浦东大道站，出行便利。近期泳池维护不开放，有些小遗憾。房间比较大，设施齐全，礼宾和客房的服务人员态度都很热情，前台效率较差，我入住的时候比较幸运，是负责兑换外币的美女接待的，服务非常周到和热情，其他几个柜台的效率就差了点。早餐的品种比较丰富，但由于暑期住客爆棚，找位非常困难，清洁速度跟不上，态度也比冷淡，全场无笑容，看到领班等所有人都在忙碌，但明显缺乏五星级酒店应用的管理水准，有待提高。总体感觉不错，还会考虑入住。
4.3,酒店还是不错的，房间不是很大，不过附近在修地铁比较脏，交通比较方便，地铁浦东大道站出来就是，就是早餐确实一般不是很好吃，服务一般般吧。
4,交通还可以 出门就是四号线、房间异味略重，进门感觉很久没人住的那种味道，而且房间太小啦 空调开着也没什么感觉！都不知道到底是制冷还是制热、有待改善！早餐一般吧……
4.8,到店免费升了套房，真是在4号线地铁站出口处对面。前台工作人员好像挺忙的，礼貌笑迎没有。房间很满意，浴缸超大，视野好，退房很快，属于免查房类的。早餐东西不多。
4.8,第一次入住这家酒店，网上查了很多觉得这家性价比很高就来入住了，前台服务很好 给我安排了一间31层视野非常好的房间，正对陆家嘴～ 床也很舒服 干净整洁～唯一的建议就是希望早餐可以再丰盛一些～中规中矩的五星级
4.8,原本定的豪华房，好像被升级到了28楼的行政房，从窗外可以看到黄浦江和杨浦大桥，感觉不错。沐浴用品是澳洲品牌appelles授权的，挺好用。早餐和自助晚餐也ok
4,先说一点不好的：房间卫生打扫的不够好，灰尘蛮多的。房间设施有点老旧。下面都是好的：酒店交通还算便利，门口就是地铁站。如果是自驾出行更加适合，有免费停车。服务还可以的，叫了加被子，送来同时态度也很好。早餐品种多，味道中等吧。建议住30层以上朝南的房间，正对陆家嘴三大神器，夜景漂亮，比江景好。
4.8,1，硬件都很好 干净 舒适 2，办入住的时候，前台服务人员都半死不活的样子，也不知道怎么那么不高兴！ 3，隔音不好，隔壁看电视很大声，夜里一两点都还听得到。 4，隔壁只有一家很小的便利店，出了酒店大门往右再往右。 5，楼下修地铁，路况很不好。但离地铁非常近。浦东大道站一出来就是。
4.5,姆块g能看外面夜景，挺美的，的豪A房，免M升裕景房，很高d，??。就是房g不怎N隔音，老隔壁唱歌f的音
5,4号地铁浦东大道1号出口处边，虽然门口修建地铁但公交出行不受影响，房间要求安排在离工地稍远的地方，入住后发现可以直接远观黄浦江。自助早餐品种还算丰富。
4.3,酒店的位置很好，黎地F站很近，但最近在施工^榭上В酒店窗敉出去就是家嘴的景色，酒店炔康难b修高n，有泡澡的大浴缸，早餐的也是很棒，推]@家酒c
5,这酒店真心不错，前台的人还特意给我一个看外景的房间。而且服务态度很棒，早餐也不错，离陆家嘴很近。有机会还要选这间酒店。最重要交通很方便，离地铁站很近。
5,这次入住总体满意。酒店对面就是地铁站，出行很方便，上海的交通堵塞比较多，有时候还是地铁出行更快。酒店电梯上楼要刷卡才能到达想要去的楼层，这也是我选这家酒店的原因之一，比较安全。另外，酒店的景观还是不错的，因为楼层高，晚上看上海很繁华。客房服务也很好，第一天入住晚上孩子把床单弄脏了，第二天叫客房服务换床单，也笑着爽快答应了。房间的洗簌用品每天也会换新的。效率很高，早上起来出去吃个早饭回来，发现床已经铺好了。感觉不错！下次还会选择入住。
4.3,选了正对陆家嘴的房 风景不错 酒店干净服务周到 自助早餐还行有蛮多外国人 但是房卡超级不灵 不知道什么原因 反正很难刷 。 从酒店打计程车16块到东方明珠 对面就是地铁四号线 交通蛮方便的 酒店泳池干净 小池子是温热水 不用带泳帽就可以进 大池子冷水 总的来说 还是中规中矩的五星
4.8,这是我第二次选择裕景了。 可能是之前沟通不到位，酒店留的是一间双床房。没办法，只好支付每日200的差价升级到裕景房。升级房型时，我明确提出了正对陆家嘴的要求，而事实上我的房间确是侧对陆家嘴(裕景房3面玻璃落地窗)，这是有点小遗憾。 主要的体验感受如下 1.酒店门口在修路，驾车的朋友是有些不方便。不过走路的客人完全无碍，出了大堂过个街就是地铁站了。 2.游泳池加分～值得体验，但健身房器械太少...有待加强。 3.客房无论内部装修还是面积大小都很满意。 4.早餐种类齐全，但口味一般，没有亮点。
4.3,特地提前预定要的面对江景房间，景色不错、苦在第二天雾霾严重，云里雾里～房间不算太大，但住起来还算温馨，美中不足，早餐券就一张，两个人吃也不上是不吃也不是，所以就没吃，浪费了
5,酒店地理位置很好，就在4号线浦东大道站1号出口过马路就是。酒店的硬件不错，卫生间超大，有淋浴也有浴缸，卫生间还可以边泡澡边看电视。卫生也还可以。但房间的地毯有点脏了，早餐还过得去。
5,酒店设施不错，高层景观也很好，面向陆家嘴，夜景很美，出行也方便，地铁、出租、公交都有，因睡懒觉，没吃早饭，不知道早餐情况如何。性价比不错，本来订的是高级房，办理入住时免费升级，服务态度也不错。下次还会入住。
5,酒店就在地铁出口，交通便利。酒店服务态度很好，前台托管行李很便利。房间很大很不错，有冰箱，可以看夜景和电视的大浴缸很赞。早餐自助种类很丰富，味道相当不错。
4,酒店近4好线地铁口，出行方便，酒店服务一般，进酒店没有主动帮你提行李店人，出门让帮忙叫车还可以。37层以后的夜景没什么好看的，据说只有38层以上可以看到东方明珠。网络免费的太差。早餐我没去吃过，据说很差，同行的每次就是吃碗粥就好了。
4,夜景还是可以的，门口就是4号线，建议大家坐地铁，出租车太黑了，从东方明珠到酒店开价70，简直是穷疯了，地铁才一站路；前台人员太少，两个柜台根本来不及办理，排长队，退房等了半小时。
4,出门就是地铁4号线，位置还是不错的，打车到陆家嘴也就是起步价。但是我下午三点到居然房间还没有收拾好需要再等一小时。果断投诉升级房间，我觉得差点意思，自己的问题居然要客人等，虽然升级房间但还是不满意。还有游泳池不能用，没有提前说，只是在前台有一个小纸条，特别不好，出门不能给叫出租车，要自己滴滴打车！！！上海的酒店都这样嘛，五星酒店都这样吗？？？实在是失望！！！在booking上预订写着有婴儿床，但是到了一问也没有啊！哎……
5,酒店很赞，出行及周边生活都很方便，服务也一流，景观也很赞
5,酒店位置很好，价格实惠，服务人员热情，早餐丰盛，及其不错的体验感受！下次还会选择入住！
5,酒店很好很舒适，早餐也不错！
5,环境还是不错的.设施也可以.床有点小一米二的！对于周六的价格是中等偏上
5,从入住说起，前台非常不错，我要求正对陆家嘴，可能给我们升房了，房间和浴缸正对上海滩三大神器，可以看到黄浦江。入住后wifi不好，打电话给前台立马派人来查看，下午出门一会，房间就重新打扫了，喝掉的水也给我们补好了，非常好。晚上睡觉比较安静，早上门口还有道歉纸条，说由于摁了请勿打扰，未能及时打扫房间，很贴心，早餐非常不错，比在锦江饭店和国信紫金山吃过的都好，总之非常不错的一家酒店，推荐
4.5,房间一流，装潢高大上，浴室浴缸让人惊艳，梳洗用品质量都不错，窗外景观好，位置也不错，到江边散步很近 房间窗户不能开，有点闷。早餐就真的不怎么乐，第一次遇到五星酒店早餐却是商务等级，连座位摆放也是商务的 还是待在房间舒服
4.5,房间小了点，房间还有灯泡坏了的，卫生间马桶下水功能很不好，淋浴房地上黑斑点很多，让人看上去就感觉不卫生，夜景还是可以的，自助早餐内容一般！原本周边在建地铁，估计是国庆期间也没有感觉到吵闹，出行也方便！
4.5,去的时候泳池重修（下订单时没有相关提示），儿子最爱没有了，有点小失望，因为没满12岁，健身房也不能使用，就更失望了，还好客房服务让我们整体满意，附近便利的交通也非常便利。
4.5,多次入住，办理过会员卡的，位置不错，床比较舒适，淋浴热水很好，高楼层视觉好。也多次在5楼中餐厅消费，菜品不好，从未改变过，如果确实很好倒也说得过去，关键不好。主打粤菜，没有粤菜的鲜香爽滑的精髓，上菜速度慢，等啊等啊好遥远。包括一楼的东南亚简餐厅，给个停车券很抠，谁没事来有停车呢，消费者确实在这边消费理应给足停车券，这一点上很少见到酒店人性化的温馨，冰冷的腔调。
4,不知什么原因公司旁边的海神诺夫特这几天的房价贵得离谱，就为客人定了稍远一些的裕景。因为客人需要续住一晚，我们希望为客人安排妥当，我们公司来付款，所以电话打到酒店确认是否可以我们网上预定并付款同一房型，客房预订部的一位男性职员接的电话，半小时后都没有搞定，只是让他确认房间而已，效率差，沟通理解力差！后来一位金小姐与我联系，思路清楚，态度和蔼，服务到位，确认后还再次来电告知我，表扬一记！
4.8,因为基本在浦东活动，所以又续住两日。门口就是地铁4号线，交通便利。客房服务员态度很好，每天都会询问是否需要洗衣和开夜床。大堂的态度一般。早餐还好。遗憾的是泳池维修没法游泳。
4.8,酒店风景很好哦，住的27楼早上起来看着黄埔江的景色心情超爽哦！早餐还算可以，楼下中餐厅的菜也很不错。交通也很便利4号线浦东大道1号出口出来过街就是。
4.5,酒店入住服务很好，主动询问吸烟禁烟需求。大厅服务生主动来帮拿行李，但是没有行李车，客人还得自己拿一部分。房间还不错，也很清洁。热水供应充足，洗浴时很好用。
4.5,前台服务不错。一楼的泰式火锅、四楼的瑜伽健身水疗、三楼的酒吧西餐看起来都很吸引人，可惜没时间亨受，下次来补上。最让我]想到的是当我晚上6点左右走入房间，俯瞰到黄浦江、金融城璀璨的夜景，宛如置身仙境。太惊喜了！
4.5,如果不再乎银子的多少，还是建议大家选择行政房，行政房的服务更贴心。我的这个同事每次来上海都会住裕景，因为在这里更能感受到上海的时尚气息。环保出行也方便，门口就是地铁站。如果想乘磁悬浮去浦东机场，从酒店乘出租车过去也不是很远。
4.8,环境一流，前台侯小姐很给力服务一级棒，作为星级酒店餐饮吃的卫生放心，下次继续光顾！
4.8,性价比不错，房间设施都很好，有点小但两个人住还好。出门就是地铁站，离陆家嘴商圈也比较近。整体不错吧，就是大堂服务人员态度有点稍差点。。。
4.5,除了门前的道路工程不知道什么时候完工外，服务、位置、设施、卫生都不错，1000元以下的价格，性价比很高。地铁近在咫尺，非常方便。
5,在这个地段能订到这个房价的五星酒店不容易，酒店就在地铁口，非常方便，距离东方明珠塔，海洋馆和科技馆都很近，地铁都能到达，打车的话起步价+1元的样子。酒店环境也不错，小孩子在酒店游泳也很开心。已经推荐给好几个朋友了。下次去上海我会继续选择这家酒店的。
5,酒店地理位置不错，门口就有地铁4号线入口，前台服小姐很有礼貌，因为床的问题很爽快的就帮我解决了，就是早餐6岁小孩子还要收费，有些不满！其余不错！
5,不得不评价一下，酒店设施都很好的。服务人员都特别好，还给房间做了一个升级，早餐也还不错，因为怕不好吃所以都选择最基本的餐点，没想到意外惊喜。棒
4.3,酒店其他各方面都还挺好的，就一点，下午1点半到酒店，办理了入驻，卫生没有打扫好，让我等一个小时，一个小时后卫生还没打扫好。最后等了两个小时，才拿到房间的卡。建议以后效率要改进一下。
4,桶和奶奶的房g，他f很新的酒店，房g也好，早餐不e，地c也很方便。}有一樱房g里不知哪Y跑淼难涛叮害不抽烟的爸和老人家整晚]睡^，可能是中央冷獾年PS吧。如果不抽烟的舆是要Q绦邪。不抽烟的老人家受不了@拥恼勰ィ四老第二天早上7c就起床吃早餐，然後把下午3c的wC改到12c就回香港了，回碇後和爸爸就_始喉低矗二手烟_害O深！希望酒店绦胁晃烟的印
5,为了看黄浦江夜景，订了高层酒店，江景能看，但一片繁忙，不美啊。 说说酒店吧，位于陆家嘴，楼下就是地铁四号线浦东大道站，那里不是商业区，所以不热闹，打车也不难。 酒店是老五星级酒店，设施略显陈旧，但该有的都有，房间也很大，特别是卫生间有12个平方左右，有临窗的大浴池（方形，长宽各1.5米），很适合家庭泡澡，洗个泡泡浴，这个很赞。酒店服务员不怎么主动，上海人是这样的吗？
5,性价比较高的酒店，房间干净整洁。自助餐也不错，服务也OK！很值得，唯一缺点位子比较偏僻。不过打车还是比较方便。 五星里面性价比高得酒店房间不大但风景很好！服务也不错 风景还不错，浴缸能看到陆家嘴三件套，就是楼下马路施工。 标准五星级酒店，挑不出毛病，窗外无敌江景啊，没事坐在窗前数江上的轮船，时间会过得很快。开放式的浴盆也好大，泡澡超过瘾啊。就是楼下修路，出行不方便。
5,位置不错，距离东方明珠、世贸都很近，安排的房间能看到黄浦江，房间略小，其它都不错，早餐人比较多，可能是国庆的缘故
5,离地铁外套都很近，出游还是不错的选择
4.3,浦东大道在修路所以出行不是很方便 晚上可以看到陆家嘴夜景 住33楼还是不错的 唯一不足的是洗浴用品是酒店自己的
4.3,从酒店??就能看到黄浦江，不过最近附近在修路，交通很方便，地铁??4号线黄埔大道出口就是。
5,就在地铁旁边，出行很方便，楼层很高，服务不错
5,酒店环境很好，靠地铁4号线很近，出门方便。前台免费升级成裕景房，景观很好，浴缸大蛮好，宝贝在里面开心地玩耍
4.8,不错的酒店，性价比还可以，房间和卫生间都挺大。
5,位置很好，就在地铁站旁边。虽然现在周边都在施工，但是房间很安静。裕景房的方形大浴缸很给力，看着舒坦，虽然不会使用，但是显得很上档次，早餐很丰富，中西料理、日式料理很丰富。下次去还会订这里
5,地理位置优越，地铁口对面就是。最赞的是房间硬件设施很棒，无愧五星酒店称号。住的裕景房，有四方型超大浴缸，两面窗均能观赏黄浦江夜景。床品也很舒服，让人流连不想走。下次来上海，一定还会选择入住裕景大酒店。
5,位置很好，晚上可以看到黄浦江夜景，距离陆家嘴金融中心也很近，楼下就是地铁，各种方便。 附近吃饭的地方也很多，还有不少超市。 无论旅游，商务出差都很理想的酒店。 强烈推荐！
4.3,还是相当不错的酒店，服务态度也很好，就是周边在装修，而且外滩看到的是航道，基本没有风景，早餐很一般，品种不是那么丰富，但是时间到11点才结束，这点很适合爱睡懒觉的朋友哦
4.3,总体还不错的酒店。但是房间里的烟味严重，早餐吧要说什么都有，就是每个种类让你都觉得很单薄，沙拉就是一堆菜叶。。。水果就是西瓜块和葡萄。看得出使劲在节约成本。 另外，吃早餐的时候一个像小头目的人使劲在说一个刚来的服务员，你这车放在这怎么能行？怎么能往里放东西。。。吧啦吧啦吧啦。。。
3,"在携程上预定了一间高级房和豪华房，豪华房房费是预付的。结果下午五点到前台check in，被告知预付的豪华房暂时没有房间，说要再等40分钟。正常两点后可以入住但我五点到了还是没房。先把高级房开了进去等，将近一个小时也没人通知另外一间是否好了，还是自己打电话到前台问。这里特别不能容忍的是2016年1月1日五点半到六点期间当班前台zhou,电话里问他房卡怎么取，直接冰冷一句，你自己下来拿。Ok,从36楼下来到前台，说是来取房卡的，该最贴心的服务终于体现出来：那个Zhou前台直接看都不看你把房卡摔在台面！一句话都没有。请问贵酒店老子付钱的时候是不是也该直接把钞票摔你面前？五星饭店就这样？"
4,原本裕景是作为上海市内度假的首选，我们基本上是每年都会来住个1、2次，之前几次都很好，但这次感觉就。。。。可能是酒店已经开业近10年，设施老旧，房间地面大理石啃啃哇哇，墙面墙纸起泡发霉，洗漱用品虽然我们会自备，但酒店准备的洗漱用品有点。。。早餐食物品种相比以前也少了很多，食物品质也有下降，唯一可以算的上水平没下降的，就只有泳池了。
4,通过携程预订的价格是挺优惠的，毕竟是在上海又是五星的，这个价格真心不错。附近在修地铁，所以路上有点乱。附近有超市，很方便。房间不大有点局促，尤其是前几天刚在别地的酒店住过一对比就发现了，亏这还是豪华房。只送了单早，灰常丰盛，餐厅的服务也很棒。
4,4号地铁站就在马路对面，出行很方便，酒店大堂办理入住手续太慢，可能现在暑假，早餐人狂多，找个位子都难，早餐种类也不是很多，房间大浴缸很赞，床也比较舒服，洗浴用品一般，连一次性的剃须刀都没有，不像是4星级的待遇
5,设施不错 风景不错 美景配美人
5,酒店环境OK，服务OK，视觉效果OK
5,非常好的漂店！设施也很好！悔价比很高！周边很方便，离东方明珠非常近！前台丽丽服务很高！总之，值得推荐！
5,不管别人怎么评论 我觉得在浦东这样的价格 住的酒店很舒服了 浴缸超级大
4.3,位置很棒，地铁4号线1号口出口，楼下就有便利店，周边吃饭方便。服务还行，设施有点旧，但是用起来还好。健身房游泳池早餐没体验。
5,很棒。很方便。早餐很好。下次继续。
4,很早就看到这家酒店，因为有游泳池，带孩子住几天，酒店本身还不错，可是各种服务真心不敢恭维，号称五星，前台check in奇慢无比，爱理不理，冷冰冰，似乎发生了极不愉快的事，房间里说明有儿童拖鞋，可是向客房服务要，说没有，说明天有的话送过来，结果连住三晚，连个回复也没有，打电话过去，冷冷回答：没有。游泳池更是不敢恭维，水浑浊得感觉很久没换了，我老公孩子吓得不敢游。总之：酒店给人的感觉就是冷冰冰
4.5,出行很方便，地浦东大道站出来就是，房间电视很老，大床房有点小。门房服务不好，我带宝宝都没人帮忙提下行李，早餐170/位不是很实惠。中餐厅东西还不错
4,酒店外围在装修车很难开进大门口，对于有大件行李的客人不是太方便，酒店服务很不热情前台全程没有任何表情，叫人帮忙拿行李去房间全程大声说电话很没礼貌，早餐一般种类少而且都冷了，下次不会考虑再入住了。
4.8,位置非常好 就在96广场的附近. 大连路隧道出来往后一点就到了. 虽然浦东大道在修 完全不影响. 到了前台比较晚. 给了38楼的房间. 一看那么高楼层就很高兴. 前台小伙也没跟我说. 走进房间一看吓到了. 原来是套房. 升级了都不知道. 浴缸有1米5乘1米5. 厅也很大. 可以看到黄浦江. 38楼是酒廊的楼层. 稍微有点声音 还ok. 套房的环境就不说了. 面积只能说是大大大! 房间没有咖啡机. 这点比较弱...
4.8,酒店设施不错，但门口地铁施工，开车不是很方便，另外下午2点入住，房间还没有打扫完，等了很久才拿到房卡，打乱了我们的休息计划，没来得及休息立即赶往机场接人，有点遗憾
4.8,性价比非常高，酒店房间很舒适，地处陆家嘴金融圈，尽管门口在修地铁，但步行15分钟就可走到金融圈，特别方便。酒店楼下有便利超市，方便选购。酒店提供的早餐虽然品种一半，但质量不错。总体感觉很好！
4.8,性价比挺高的五星级酒店，设施各种齐全。过街就是地铁站4号线，交通方便。周边吃的不算多，到还是有两家尚可。唯一遗憾的是这个月泳池不开放，孩子没能游泳。
4.5,很高端的酒店，服务也不错，看我们有老人还给我们升了级，免费加床，很贴心！
4.5,酒店位置非常好，在地铁浦东大道站1出口对面。周边在施工，但无多大影响。早餐自助餐稍微简单了点，前台办入住需1小时以上。
4.5,酒店不错，挺干净的。
4.5,酒店前面真好在施工，对于交通和环境总有点影响，好在离地铁口很近，过个马路就到了。入住和退房都很快，唯一不解的是客房服务人员，吃完晚饭回房间的时候，很明显有人进来过，但是房间没收拾，浴巾没换过，垃圾没倒过，杯子也没洗过，不知道是进来干嘛的
4.5,位置不错，地铁口出来就是，楼层景观不错！浴缸很大，干湿分离的卫生间，浴缸前面有一个小电视，孩子洗澡时可以看动画片！床很大，两米宽的，适合三口之家住，早餐不错，符合五星级酒店标准！品种选择多！但就是含一个早餐，肚子带孩子去吃的，孩子很喜欢！赞一个！
4.8,不错，给我升级了套房，真是意外的惊喜
4.8,不错的酒店，位置很好
4.8,感觉非常好，房间很舒适，紧挨4号线，出行方便。
4.8,不错，推荐朋友来此住宿了
4.8,地铁4号线出来一抬头就是酒店，出行也方便，到明珠塔，环球中心打的15元，10分钟，唯一就是就是窗户不能开，有点闷
4.8,酒店环境还是不错的，设施也挺齐全的，早餐也还可以，就是周围地铁在施工，不过酒店出来就是地铁，交通还是挺方便的。
4.5,浦东大道在修路，造成周边交通不是很方便。酒店设施和服务总体不错，房间面积略小
4.5,内部环境不错，交通也很方便，就在四号线浦东大道站一号口出来对过。床很舒服，浴室也非常宽敞。早饭丰盛。可惜吃不下太多。很不错的体验。
2.5,不好.服务太差了.！就好像是客人求着酒店接收一样。特别高傲 特别事儿b 房间也不给打扫 主动要浴巾 还挂我电话 特别牛逼！房间里水那么小一瓶 第二天也不给新的水 早餐难吃 服务员就在旁边聊天打闹 非常不负责 说第一天给我免费升级了房间 要求我第二天晚上换房 搬走 有这么不要脸的酒店么 我是求着你住呢是么 完全就没有服务！在上海从来没住过这么次的！
5,一句话，千万别吃三楼的中餐厅坑人的地方，份量和快餐店给的一样！价格老贵，我住了700，四个人吃中餐1000，什么海鲜都没点，总之住宿可以，吃饭周边解决吧！
5,酒店地理位置特别好，四号线下来对面就是，交通很方便。到陆家嘴打的起步价。 免费升级到了裕景大床房，特别赞，可以看到黄浦江，而且厕所的浴缸特别大，特别舒服。 酒店房间很干净，设施也很齐全，配得上五星的称号。 早餐的话，品种还算齐全，味道也还可以，性价比蛮高的。 下次还会选择这家酒店。
4.3,总体感觉是，服务员好像没经过培训。有些服务很热情、周到，有些服务员爱理不理，甚至看不起我们小城市的游客。办理入住登记总共用了2个小时，没错，2个小时。等候期间在一楼的LOBBY坐着，服务员还不时过来提醒这是消费区。其实我谁愿意在你那等2个小时。给人的感觉很不爽。 说到酒店位置、设施，不可否认，还是不错的。
4.3,之前入住一次感觉还不错，于是这次再次预定，入住时居然说没有我的预定，不知道到底是谁的错误，反正我是收到确认短信了，最后酒店先帮我入住了，这次房间烟味严重，不过可能忘记说要无烟房了，洗澡后淋浴房不知道从哪里跑出来一地的水，可能哪里漏了
5,照片忘拍了，酒店位置很好找，浦东大道地铁站出来就是了，正门在侧面，咱们地铁站出来直接走到饭店去了，酒店楼层都很高，电梯很快，找一间窗口对陆家嘴的房，晚上灯光很不错的
5,很棒的酒店，地理位置非常好。提供免费停车服务，自驾很方便。楼下就是地铁，两站路到陆家嘴。早餐因为人多，所以没吃好…但是看得出东西还是很丰富的。就是可能人多的关系，服务员都是不耐烦的感觉，这点不能理解。房间够大，给的房间可以看到环球金融中心和上海中心。总之是个实惠选择，来上海旅游强烈推荐入住。
5,不错的酒店，性价比很高，交通很方便，靠近地铁2号线，带着小孩去上海旅游，基本上2号线边上的景点玩玩足够了，可以直接到明珠塔，上海海洋水族馆，上海科技馆，小孩子都很感兴趣，对了，酒店结账不用查房，感觉十分大气，五星推荐。
5,大厅挺高大上的，环境不错，服务也好，出行方便，对面就有两个地铁站，可能是酒店出于安全考虑吧，房间里的窗户开不了，再加上房间不是很大，感觉有点闷，总体来说还可以啦
4.8,一如既往的喜欢 不过估计是门口施工的关系 正门口不能上下客了 正好上海阴雨连绵 其实如果再细致一点 门童先生们就应该去你们设置的路障前进行工作 既然不能停车 守在门口有何意义？态度还和上海的温度一样 挺冷的 希望更人性化 提供客人温暖的入住体验
4.8,自己去上课顺便带父母出行 对面就是地铁站很方便 酒店也很不错 干净 虽然有些年头但维护保养地很好 虽然门口在修路 但不影响出行 走到上课地点也很方便
5,一到酒店就感觉十分豪华，前台有世界酒店联盟的标志，还是中国银行批准的货币兑换点，显然是个“狠角色”。 再看原价，草草一算，网上打了3折，还挺划算的。住的是37层，进了房间后只想说三个字：太大了。尤其是卫生间，设施很好，也比较大。拉开窗帘以后，直接看到陆家嘴商业区，你绝对想不到的是：上海第一高楼、“开瓶器”、还有东方明珠，尽收眼底，真心赞一个。
5,虽然是挂牌五星但是只能说一般。首先门童不会问好，第二前台态度一副不耐烦的样子，两点入住和我说一间房都没打扫出来要等40分钟。房间里没多大问题不多说。退房时12点人多也是正常，但是一共只有四个服务员而每个服务员后面至少排6个人，退房足足等了20分钟。不过在陆家嘴你想这个价格住5星这样的服务也认了。
4.8,第二次入住了，比较幽静，干净，服务态度不错
4.8,比较不错的设施，商务入住推荐。
4.8,整体感觉不错，上次去在酒店前台办理的手续，比较贵！这次在携程上的价格便宜啦、房间却是一样的。不知道什么情况？
4.8,不错 但周边还在建筑 出行还可以
4.8,不是第一次入住这个酒店了，硬件没得说的好，但是早餐比以前的差了很多，品种少了很多，希望可以更好哦！
4.3,酒店大堂什么都不错，房间装修和设备都比较陈旧，不是很喜欢，房间不怎么样
5,唯一的缺点就是前台太小，窗户不能开 唯一的优点就是设施硬件好 距离各景点很近
5,酒店位置在金融商圈，房间整洁干净舒适，性价比较高！
5,酒店设施不错 交通也很方便 离东方明珠 科技馆外滩都很近 早餐也很好
5,这个酒店还是不错的，位置好，酒店直接看到外套盘件套，交通也方便，地铁4号线就在楼下，渡口三分钟。儿子很喜欢大浴缸，早餐品种一般
5,性价比很高，地段好，停车方便。 前台服务周到，免费升了行政房，房间比较大，卫生间整洁明亮，床品很舒适，早餐品种丰富，很满意的一次入住。
5,住在37楼，房间很大很宽敞，落地窗前能看见外滩.小朋友的早餐是免费的，总体很满意
5,酒店门口就是地铁站，交通便利，房间的设施也很完备，居住舒适，傍晚窗外很美，有机会还会去！
5,酒店真的很满意，下次还会选择
5,环境、服务、价格都很满意。
5,本来订的大床房后来被告知没有了，后来换了双床房，特意帮我们安排了可以看黄浦江夜景的房间，价钱挺合适，整体不错
5,这价位真心不错，
5,宾馆外观一般 里面内设很漂亮 房间也很干净 很赞！
5,很好的酒店，前台为我们免费升级了套房，房间面对陆家嘴。房间设施还不错，住店停车免费，唯一美中不足早餐菜品较少，但综合来说性价比较高。
5,酒店环境不错，地理位置优越出门有地铁，下次还会入住。
5,五星级酒店服务和设施，性价比之王。
5,环境一流，卫生一流，早餐很棒，服务员态度好，三十二个赞！！！！！
5,酒店设施不错，下次到上海浦东会选择再次入住。
5,地铁就在边上，交通方便，酒店设施不错，安排了间江景房，黄浦江一览无余，赞了！
5,酒店还不错，一出门就是地铁站，还是挺方便的
5,挺好！特别是酒店后面有一家DK餐厅很不错。
5,泳池维护不开放，太可惜。好在房间浴缸小孩能用。早餐人超多，口味还行。硬件和软件都不绰。还会考虑入住。
5,周边建设 泳池装修 总体不错 位置也好 地铁出行方便
5,家庭形式的出来上海玩还是第一次，昨天住在酒店式公寓实在是太差，价格跟今天的差不多，真的是天壤之别啊，环境好，卫生也很干净，住的真是值啊，以后来上海玩还是住这里
5,全5分。将较贵重的小物品遗忘在酒店之后顺利确认并取回。确认过程中除接到过一男性疑似主管打来的口气类似审讯的电话之外，受到了所有女性员工温柔、有礼、尽职尽责的对待，非常感谢。
5,第一：我星期5定的酒店，希望能住大床房！预定的时候都没有选项，只能看到时候酒店情况！坑啊！第二：星期五预定的时候最便宜的带早饭的700，今天入住前查了某宝的价格，才699，携程的价格坑！
4,房间位置不错，可以看到陆家嘴三大神器，出行也很方便，四号线就在路对面。就是早餐性价比不高，儿童半价都要85元，还有就是游泳池这个季节停业整顿真的合适吗？
5,非常干净整洁，五星?????，服务非常好，值得推荐
5,"门口就是地铁站,非常方便.酒店比较现代,干净.给客户订的,窗户对着江景, 他们非常满意."
5,酒店位置很好，对面地铁，交通方便。早餐也不错，酒店内有好几个餐厅，这次时间短，下次要去体验下。酒店有浦江风景，非常好。下次还会再来。
5,餐厅负责夜宵的经理人很好，很照顾。地理位置，客房服务都特别好。
5,毕竟是五星级酒店 设施还是相当不错的 可惜了 黄浦江边在修什么东西 有点吵 前台办理入住手续的速度有点慢 等的蛮长时间 索性房间还是很满意的
5,免费升级了套房，服务非常好，地段也不错，值得推荐
5,同事说很不错，离出差办公地点很近，走路过去大概五分钟不到，环境安静卫生，房间有免费wifi，大床很软，商业区很适合入住的酒店，亲身体会，强烈推荐！强烈推荐！强烈推荐！强烈推荐！强烈推荐！强烈推荐！强烈推荐！强烈推荐
5,非常愉快的旅行体验。酒店免费升级了行政房，无敌江景，卫生、服务、环境俱佳，早餐不错，不过6岁以上儿童需要半价。如有机会下次还会入住。
5,房间可看到江景，视野开阔，门口有在修路不方便。酒店的泳池很适合孩子，人少，温暖很暖和不怕会冷到！孩子游泳很开心！
5,酒店很好床很大，有个大浴缸可以泡澡，以后还会在入住
5,酒店设施很不错。 房间可以看到金茂和环球。视野恨好。游泳池很赞， 早餐也不错
5,房间很干净 酒店装修别具一格 出行还是蛮方便的 会再次入住
5,酒店位置很好，对面就是地铁站，离渡口也很近。出行方便。周围有超市、药店、小馆，方便。入住时给升级到套房，有惊喜。推荐！
5,环境挺好干净，前台接待服务好，停车免费。不错
4.3,酒店门童和叫车服务可不太好，没有开门服务不说，一点都不热情和上心，叫出租只是帮你叫，其他时候都在聊天。房间打扫到还是不错的。
5,总体环境还是不错的、入住时外面在修路、出行有点不方便、早饭178一位价格偏高！
5,房间整体不错，浴缸很大，泡澡舒服且很干净！
5,再次入住，酒店房间一如既往的不错，因为离公司近，以后出差都会选这里，一样价格也不要上涨。
5,住在33层，可以看到江景~~view不错~~自助早餐也不错，总之性价比很高~~
5,酒店交通比较便利，酒店对面就是地铁站。早餐也还不错，品种、口味都还蛮好的。第一次住的时候房间正对黄浦江，夜景很漂亮。
5,床很舒服 设施好 早餐样式多 服务也好
5,酒店环境设施非常满意，早餐也很好。
5,酒店环境还是比较舒适，已经是多次入住了，不错！
4,来住过很多次了，每次出差到上海都住这里，早餐很精致品种不是很多但是味道很好，酒店很安静客人不是很多，性价比也很高，服务也很贴心，是5星级的享受，下次还会来
4,酒店出门就是地铁站 旁边超市很方便 就是个别女员工的素质太差 爱答不理的 办理速度超慢 态度恶劣 而且失误频频 幸好旁边穿红色工装的女员工很负责 否则必将投诉这个黑衣浓妆大脸的女人 退房时的男士速度都蛮快 态度和蔼，夜景还是可以的，门口就是4号线，建议大家坐地铁，出租车太黑了，从东方明珠到酒店开价70，简直是穷疯了，地铁才一站路；前台人员太少，两个柜台根本来不及办理，排长队，退房等了半小时。
4,地理位置较好，服务也可以，打的的话要另外加钱，可能是车少需求多的原因吧。早餐较丰富。进入电梯需要刷卡，可能是安全上的考虑吧，但给客人带来不方便。睡觉床太软，不适应。总体情况还可以。
4,还行，主要位置不太好，周边荒芜啊，前台就2个人，一直排队，不过酒店的硬件条件还是能达到五星的，酒店的早餐不错，停车场也是免费的，性价比不错，600多还是值得入住
4,店就在地F浦|大道站γ妫U方便；只是四比^冷T，去外，|方明珠或田子坊等著名^光景c都必再Q。房gO浜荦R全，很棒！ 早餐也好吃，只是服丈收太快太急比^@一c比^不好以外，整wX得U的！
4.8,地理位置好不好要看出行目的，浦|碚f不e人住^状味加X得方便。目前T口修路^容易堵。 硬件全高端M口大品牌，粜驮O合理，b修很到位，哟d很舒m，每次入住都X得立R放。Wj比^o力偶信不是很好。服崭H五星有差距原因是太忙。唯一的}是房g深夜r候隔音不太好。早餐做的很棒，N算S富。w而言未_到但接近H五星。
4.3,浦东大道修路，所以附近有点乱七八糟。酒店本身还是不错的，服务也很好，高层可以看江景，房间隔音也相当不错。
4.5,住的标双，携程上讲三十几个平方，感觉局促。房间的墙纸有一块居然是后补上去的。 入住时赶上接团，柜台等了一会。但是感觉前台比较冷漠，不像5星酒店的水平。 早餐丰富，另外使用了一下健身设施，还算满意。
4.5,卫生没的说。环境主要是因为浦东大道在修路，有一点点小影响。服务不错，尤其早餐时的工作人员。设施方面，就是觉得房间略小了一点。其他都好。总体来说，值得推荐！
4.5,性价比不错，房间比市里的大些，洗澡的水很大，淋浴房也没有容易积水现象，看到评论说沐浴露什么的不错，就偷懒没自带，事实上还是自带比较好，另外早饭巡查的厨师好几个，其实挺挡路的。
4.5,边上在建设，场面有些那个什么你知道的，整体感觉不错，离金融中心很近，走路15分钟就到了，酒店的浴缸很赞，可惜没有一次性的浴缸套子，否则可惜好好的泡个澡
4,酒店位置不错，离东方明珠很近，打车起步价。早餐很丰盛，服务也不错!
4,酒店的床很干净，睡的很舒服。房间也挺隔音的。就是酒店装修比较老了，得翻修下了。还有不足的就是在酒店吃饭要加收15%的服务费。
4,酒店位置不错，旁边有地铁，搭车去东方明珠20元左右
4,环境不错，服务也挺好，遗失的物品退房后马上就寄还给客人，值得肯定。
4,要大床，饭店后给升级了，所以房间还算干净。酒店各个服务岗位上的态度都不好，不是5星级酒店该有服务，在酒店门口上下车无数次，两个门童现在那先聊天也不给开门醉了！前台接电话的口气很强硬，一点也不温柔，不过价格便宜，还可以接受
4,这次住这家没上次好.整体的服务都感觉不太好，是年底了大家都没心做事了吧？最吸引我的早餐这次很失望，早上的东西一次比一次少，也难吃，中餐这次吃的我好郁闷。
4,每次出差到上海都住@，交通方便，店安o，早餐N]有以前的多樱但味道不e，U乾Q的，服找膊诲e。
4,酒店还是性价比很高的 上海这个价位来讲酒店很不错～就是希望酒店把洗漱用品的量再多放一些刮胡刀这样的普遍用品希望提供而不是收费～早餐的品种不是很多～很好的体验谢谢
4.5,入住了行政层，江景房，可以一览黄浦江，行政层的餐厅早餐服务不错，就是内容少了点，只有西餐，不过好在人少安静
4.5,陆家嘴最便宜的五星级酒店，位置有些偏，早餐贵，设施还行
4.5,酒店环境设施没得说，但是周边在修路，显得门口很凌乱。在地铁口的对面，交通还是极其方便了。
4.5,比预期的要理想，房间很正气，设施也挺完善，小孩很开心，就是早餐品种少了点，下次去还是会光顾
4.5,很不错的酒店，高端大气上档次，就是早餐不敢恭维，176一份的早餐，小孩半价，但吃的东西非常普通，还不如附近15一碗的羊肉粉。
4.5,距离地铁很近，交通比较方便，前面在建设地铁，景致不太好，偶尔有噪音，服务的话，前台男士没有微笑。
4.5,服务很好，硬件也非常满意。交通还是很便利的，离地铁站很近，就是边上在修路感觉很乱，有点吵。下次来还会选择裕景。
4.5,酒店非常干净，豪华，确实是五星级酒店的风范。早餐也非常丰盛，值得再次光临。位置交通不太方便，由于道路交通。希望酒店可以安排车辆往返陆家嘴地铁站。
4.5,帮同事预定的酒店，好评！周边吃饭购物都方便
4.5,不错的酒店， 出行也很方便，下次去上海还会入住
4.5,酒店周边很方便，房间也比较舒适。就是早上的自助，热的食物太少了，老人孩子都没怎么吃。
4.5,酒店近地铁很方便，可以望到黄浦江，房间干净，2米的大床够气派。早餐太贵了。
4.8,说个小事，免费早餐的时候，问了两次筷子在哪，随手一指，对不起，我眼瞎真找不到。随后一帮洋大人来用餐，又是引位置又是拉凳子，服务那个叫高大上，当真一等洋人二等国民？去年买了个表
4.8,房间很好，地点也不错就是周围在修路，从四号线出来就能看到，非常棒去外滩打车30左右，就是礼宾部给我门推荐吃饭的地方好远剩下的都还好
4.8,我以前有2次入主这家酒店.其实酒店的位置方便，因为目前在浦东大道修地铁，对这家酒店的交通带来困难和窗外的噪音。酒店的内部设施管理得很好，房间舒适，整洁。盥洗的用品质量上乘，毛巾、睡衣、拖鞋等都感觉好。如果利用地铁4号线，在出行方面也算方便。
4.8,酒店的硬件设施非常棒，入住的房间更是没得说，房间感觉空间非常的大，就是地理位置稍微有点不便利，但是楼下就是地铁，在楼上还能看到陆家嘴全景，非常的美！性价比非常高，值得入住！
4.5,周边环境一般。因为修路的原因。酒店环境卫生干净，硬件设施也很好。值得入住。
4.5,代理价格定了豪华房，后来又升级成了裕景房，实在太棒了！各项设施都不错，服务也还行，停车也很方便，早餐品种还行，偏西式一些！总体很赞！
4.5,景色真心不错，房间很大很整洁，下次还会来哦。
4.5,五星级酒店房间略小，卫生间较大，房型距离江景还是较远
4.5,酒店O施是不e，就是卧绮M意！p人g卧缟兑馑迹恳环菰绮鸵话倨呤也是醉了 西瓜都是牡模「本不值得啦
4.5,周边环境很好！很方便！房间可以直接看到黄浦江！无敌江景房，晚上坐在窗边欣赏黄浦江的夜景很惬意哦！只是早餐很差劲啊！
4,周边好像在修地铁.不过酒店不错，我们早了一点到大堂，11点多的时候有空房就提前给我们入住啦～
4,位置较好，价格适中，周边在修地铁
4,房间有点老了，安全措施不错，床很舒服，出行很方便，周边在建设，环境一般。
4,"酒店位置不错,健身房很赞,早餐比较丰盛,服务略一般,推荐"
4,环境不错，房间挺干净的，酒店靠近外滩黄浦江边，晚上可以看江景，不错，很喜欢！
4.8,床大舒服，设备全，可看江景。下回来还选这
4.8,设施设施都很不错，干净卫生，洗手间大，晚上拉开窗帘就可看见浦江夜景
4.8,除了设施没及时更新，其他都不错，夜静很不错，特别是前台办入住的小姐好贴心，大大的一个赞哦！下次过来还会继续入住！
4.8,第二次入住了，感觉不错，下次还会选择入住。提个建议，早餐品种退步了，有待加强。
4.8,环境、卫生都挺满意的，交通也很方便。但是早餐欠佳！
4.8,感觉不错哦 酒店浴缸真的爽 圆形的 很大。床垫质量也不错。冰箱啊，保险柜，烫衣板，都有。早餐质量也不错，除了面包太硬，现做的东西很赞哟。
4.8,前台的服务一般。一位男员工不苟言笑。房间还不错啦～view和设施都还行～地段好 性价比较高
4.8,酒店服务很好，设施也较新，位置方便去陆家嘴三大件，总体很满意。就是刚好在入住期间游泳池关闭维护，让女儿没机会游泳。
4.8,酒店很棒，特价时比连锁酒店贵不了多少，档次可是高多了。早餐不错。位置很好。理地铁口很近。
1.5,差评！提前预约好的，一点半到前台办理入住，竟然说房间没打扫，让等四十分钟，等了半小时也没人通知，带着孩子在大堂硬等，14:00去询问，前台小姐说你才等半小时，这是嘛意思？12点就退房，房间难道要等看到客人才打扫房间吗？14:25才给我房卡！这种效率妄称五星级！
3.5,裕景大饭店作为比较老的浦东五星饭店，性价比还是比较高的，如果提早预订会有些优惠的价格。地点：地铁4号线浦东大道站出口和酒店就隔了一条小马路，周围也有不少公交线路，所以出行方便，如果是虹桥过来的旅客，坐地铁的话要在世纪大道转2号线，全程一小时左右。硬件：虽然酒店开业较早，但是保养得不错，房间即使没有很大，但是设施齐全，档次较高，布局合理，隔音也不错，就是中央空调的声音大了些。服务：反而这家酒店的扣分点都在服务上，前台经常挤满了入住和离店的客人，把本来就不大的大堂搞得菜市场一样，不知为何不理顺一下办理制度，合理疏通人流，比如增加快速退房服务，若有房间消费，直接从预授权扣除就是了。服务生态度也不友好，不论是接电话还是当面交流，都没有宾至如归的感觉，在餐厅、前台、礼宾都遇到过不礼貌的现象，不知是否所有上海酒店都是这样一幅高高在上的感觉，令酒店形象大打折扣。入住期间还遇到泳池维护，所以不能使用，有点可惜。
3.5,酒店干净，但不算五星级，房内设施有些保养不够好阿，保险柜坏了，洗澡的地板漏水，最后一天退房竟然还发现门锁原来是坏了。房间可以看到江景，洗手间的设计比较大，这点我喜欢！洗手间内的化妆镜拉到最长，我这个矮个子还是看不到，真心塞！站在门口可以听到隔离房间里面的声音，但回到自己房间里面就听不到隔壁的声音。早餐中规中矩没有太大惊喜，酒店附近不属于旺区，附近在修路，附近没有太多的食肆，人也不多，每次找吃的要去世纪大道站找96广场，这个不太方便。前台人员没有笑容阿！
4.8,周围在修路，不好走，酒店外籍很多，服务还可以吧，没有对外籍好
4.8,环境设施都不错 早饭稍逊色了点
4.5,除了浦东大道在修路不太满意意外，其他都非常满意
4.5,不错
4.5,泳池和按摩池都不错！！值得去一下
4.5,酒店房间不错，卫生间很大，只是退房人较多，需要排队等候。
4.5,也许是修路原因，价格很不错，其他都值得推荐。
4.5,了周边环境，应该是个不错的选择
4.5,不错
4.5,很满意的酒店，都很好就是门口修地铁比较乱。
4.5,入住和离店都排队很长时间。
4.5,中规中矩的五星酒店，前面在施工环境不咋滴。还好这个价格比较实惠，下次还会入住。
4.5,很满意，唯一缺点就是门口还在修路
4.5,还可以，适合出差，大堂经理等服务态度差，跟欠他东西似的
4.5,酒店旁边在修路，环境还行，我们住在32楼，可以看到黄浦江。
4.5,门口施工影响了整体周边环境，房间还可以，服务没有特别感觉，还行。但是办理入住和退房感觉比较慢。
4.5,还不错，性价比很高了
4.5,什么都很好，就是赶上下雨，霹雳啪吧打在玻璃墙上感觉很不一样，入住和退房稍微有点慢
4.5,老牌五星酒店 设施该有都有 发快递礼宾部要求收收费运费的15% 餐厅口味很棒
4.5,不错
4.5,酒店非常好，就是周围施工，环境不好。还是不错的
5,从上海站出来比较近，四号线可以直达，我们从虹桥出来转了两条线到，其实也蛮方便的，酒店在陆家嘴的浦东大道对面，1号出口已一出去就是了，服务不错，房间选了江景，夜景还是OK的！最最值得一提的是，酒店早餐真的很赞！
4.3,觉得酒店某些设施比较旧，例如电视。 卫生间很好：整体的照明很温暖而且厕所、淋浴都是单独的小格间。浴缸很舒服几乎每晚都在用。 虽然是一个人来的但是住的是双床，早上自然有双早…酒店早餐虽然种类不多但是个人认为还是很不错的。 地理位置很好，就在陆家嘴，去哪里都非常近。
5,酒店不错，江景房全景可观，房间的卫生间是非常满意，设计很人性化，客房服务很周到，床很舒服。酒店前台办理速度跟不上，办理入住及离店人员太少，需要排很久的队伍，还需要加强。
4.3,整体来说很不错，服务、房间都很不错。在价格方面做特价的时间还是可以接受的，但原价就有点小贵了。早餐170元每位觉得好坑的，可选择的东西很少，热菜的味道很差。对酒店早餐不抱太大要求的人可以选择
5,标准五星级酒店，挑不出毛病，窗外无敌江景啊，没事坐在窗前数江上的轮船，时间会过得很快。开放式的浴盆也好大，泡澡超过瘾啊。就是楼下修路，出行不方便。
5,"酒店环境很好，位置挺好，去机场十分方便,设计合理丶装修得体丶美观大方。店堂布置整诘令人耳目一新，前台服务文明丶礼貌丶热情、快捷。客房设施齐全丶卫生丶环保、整诘、舒适。呵呵。"
5,位置挺好，大床真的很大，2.5米宽，一家三口睡觉实在很舒服宽敞。就是空调不好，不开觉得闷，开了觉得冷。客房服务电话的接线员态度冷淡。早餐马马虎虎。其余OK.
5,携程预订酒店真的很方便，手机当天预订，马上收到确认，当天入住！酒店位置无敌，拉开窗帘，直接看到江面！这对北方人来说，真心赞哟！房间比较大，很干净，服务也还可以。这次预订房费含一份早餐，种类不多，但也方便！以后还会入住!
5,虽然酒店外观不怎么样，裕景房的景致的确无敌，落地窗户直接俯视黄浦江，特别喜欢它的大浴缸，舒适无敌。至于很多人抱怨的服务，我觉得虽然马马虎虎，倒也没让我太反感，两点多钟去办理入住却没有房，等了一个小时，不过前台客客气气给了杯赠饮让我坐着上网，叫客房服务什么的都很快。下次还会入住。
3.3,地铁4号线1号出口出来正对面就是裕景大饭店，交通很方便，出租车去东方明珠塔21元，去淮海中路的muji打车31元，觉得还算方便。早餐也还不错，该有的都有。房间卫生也很好，房间明亮，布局也不错。就是入住第一晚，服务员按错门铃过来送水，我们说我们没叫，然后那个中年服务员就上海脏话骂出来。顿时觉得服务员素质差了......下次应该不会入住了
3.5,酒店地段好 O也令人喜g、亮不失r尚雅。06年第一次入住，最近又砹状危ㄐr比高）。X得大d狒[夥峤j（m外面道路修建中）但多翟O施已明@老f、梯不`也可略。@家酒店老化F象太快、在管理用娑嘀匾提升吧？Uz憾的。
5,位置好交通方便，建议前台接待人员业务还需再熟练一些，退房时看错订单强行多收我170元餐费，之后又麻烦多跑一趟去退钱，总体入住体验还是好的！
5,"前台很nice,提的要求都表示会尽量满足，安排的房间在30楼，夜晚窗外灯光汇集，宛若繁星，孩子很喜欢！大上海的夜景真的一点都不比香港差唉，棒棒哒~从东方明珠回来，坐81路两三站而已，下车就是酒店。去科技馆坐地铁两站路，so easy!酒店不错"
5,酒店很赞 住的27层江景房 景色很好 地理位置也很好 去东方明珠附近都只要起步价 酒店对面就是四号线出口 早餐中西都有 选择种类也很多 以后来上海玩还会选择这个酒店 真的很赞 朋友也很喜欢
4.3,第一次下单两天，后取消改一天，到酒店办理入住手续显示还是两天的单而且都已付款，但携程两天的单钱已退给我了。。。。。问携程说是改一天已成功，酒店说是显示两天都已付钱，搞不清楚！
5,非常非常好，大浴缸，大力度的水，舒服的床，干净整洁上档次，住过五星也就如此而而。楼下地铁口1分钟路，超级给力，出租车东方路口即到。此次旅行最佳酒店！
4.3,周边装修 位置稍偏 其它都还不错
5,"地理位置优势,四号线浦东大道出来对面就是, 交通很方便 ,周围有超市, 离八佰伴也很近.帮客人预订，反馈不错。"
5,酒店不错，推荐入住，不过近期周边施工??
5,酒店很好，设施不错，位置也好，可以看到黄浦江，特别是在大浴缸里俯瞰黄浦江的感觉很不错，在网上订房价格也不是很高，性价比非常好，大力推荐大家入住！
5,这家酒店确实不错，周边环境可以，关键是就在地铁口交通太方便了！下次价格合适的话还会入住～
5,入住很多次了，这酒店地理位置很好，4号线地铁站就在边上，早餐也不错，游泳池也可，性价比高，下次还会入住
5,周边在修路，有点吵。老酒店，位置和价格都还不错的。
5,还可以的，离地铁非常近，交通非常方便，离机场也很近！
5,这个酒店还不错，适合商务出差，早餐还不错，挺丰盛的，附件有地铁。离机场也不是太远。整体还算一次不错的差旅住宿。
5,地理位置优越，服务态度好，整体环境配套相当高大上，适合商务出行，推荐！
5,酒店位置好 离地铁口很近 很方便 早餐丰富 前台服务很好 入住时人比较多 没有双床了 前台给免费升了套房 很感谢 房间设施很齐全 视野开阔 景色很美 给满分
5,第一次入住，总体来说比较满意，就是早餐有点欠缺，望改善！
5,非常不错的酒店，就在地铁站旁边，早餐也相当不错
5,不错哦，黄浦江边，晚上可以看看夜景，房间卫生，设施，等还是可以的
4.3,办理入住太慢，其他都不错，酒店的道路在修，不方便出行
5,交通方便，对面就是地铁站，房间设施很新，大堂人来人往较热闹。住了一个月，感觉性价比高，值得推荐入住。
5,环境优雅，房间干净整洁大气，客人入住很满意 。
5,给升了裕景房，浴缸超大，足够小孩游泳，爽
5,酒店很棒，在上海这个价格真的很好。距离地铁站近，东西也很好吃，推荐杏酥鸡。
5,房间挺不错，当天携程预订很划算，酒店早餐也丰富，出差游玩地理位置也不错，楼下就是地铁站，推荐入住
5,非常喜欢 酒店环境设计硬件各方面都不错 喜欢 下次还会选择入住
4.3,酒店总体不错，环境好，位置好。个人感觉稍差的早餐品种少了点，前台电话经常出现无人接听的现象。
4.3,酒店位置很方便，楼下就是地铁4号线，酒店设施有点老，整体性价比比较好，早餐很丰富！
5,酒店很好，早餐还行，江景不错。
4.3,"周围正在修路,但是还是有很多人入住。主动给升级了行政房，能看江景。服务不错，早餐略差。"
5,一如既往，服务到位，入住舒适，虽旁边修路但无大碍。
5,地段很好，现在唯一不足就是市政施工，听说要2018完工，去酒店绕行很大一圈！房间设备设施很好，早餐也不错！
4.8,位置不错，早餐比较丰盛。周边在修路但不吵
4.8,非常不错，性价比超高，到上海中心走路10分钟就到。
4.8,酒店设施良好，服务态度好，房间条件好，视野开阔。门口修路有点影响。
4.8,带父母出来住住酒店。走走滨江大道。早餐不错，服务有点冷漠
4.8,订的大床房，到酒店之后发现没有了，免费升级了一下，变成双床房。房间比较大，洗浴卫生条件好，整体上入住体验比较好，下次来上海出差还会选择入住。
4.8,公司旁边，就是为了方便，携程价格实惠，就是担心票据不能如期寄到，下次还会选择
4.8,房间设施齐全，但小了点。交通很方便。
4.8,设施略老，边上修路中，整体还不错
4.8,一如既往的好，4号线近在咫尺，服务热情周到，早餐品种多。下次还会选择。
4.8,太赞了 免费升了豪华
4.8,酒店性价比较高，离东方明珠和地铁近，高层视野不错，能看到浦东几大高楼。但周边配套一般，吃饭和游玩不太方便，适合商务出差
4.8,不错，这个价格五星的很合适了，能看到江景
4.8,前台小姐服务超好，免费升级房型，性介比高，就是酒店外在修路
4.8,很不错的酒店，性价比高，在上海这样的城市和这样的地段。紧邻地铁4号线。美中不足是最近修路
5,环境，地理，卫生，早餐。都很棒！
5,环境不错，唯一不足前台效率有待提高
5,酒店非常不错，干净，安静，设施便利，推荐大家入住，价格也非常经济实惠，周围便利店非常多，很方便。再次推荐
5,这家酒店挺优惠的，早餐丰盛，房间可以看到陆家嘴方向的夜景。有机会在来入住。
5,不错的酒店，服务和餐饮都不错，房间设施很全，性价比很高，江景也不错，赞！
5,在携程订的酒店，整体还可以，就是早餐品种和洲际的差距还挺大的
5,酒店位置地处浦东大道，可以看到上海环球金融中心，当天入住的的是28层，风景不错，大落地窗，浴缸，夜晚伴着星光入睡，很舒服。
4.3,住过很多次了，虽然位置不是很好但楼下过马路就是地铁，很方便，再就是风景超美
5,非常满意、带家人一起上海旅行的！干净、档次高、关键也方便就在地铁对面.
4.3,地铁出来就是，方便，五星级，早餐不错，可以房间里配套设施不完善，没有小雨衣????????其他都蛮好。
5,酒店设施还行，订的豪华房，说有42平方大，感觉没有那么大，其他一切都不错！
5,位置比较方便， 就是浦东大道修路不好。 交通 有4号地铁。 大堂， 前台的服务很好， 早餐很丰富， 其他餐厅味道也不错。 值得推荐！
5,环境特别好，可以看外景，很舒适，有机会还会再来的
5,酒店位于地铁4号线浦东大道囗，出行方便～，房间也挺大，干净～性价比高，周末特价房送的单早不是很理想～
5,总的来说不错，离东方明珠近，房间可以看到黄浦江，卫生、设施都可以，只是1.4米小朋友的早餐收80多元有点贵。
5,交通方便，门口就是地铁站，打车不太方便，修地铁，都挺好下次还会住，还有无敌夜景
5,酒店不错，位置好找，环境很好，价格挺实惠的，第一次携程订酒店，请问押金和担保费用啥时能退回来啊
4.3,酒店还不错，就是地毯大概是浅色的原因看着有点脏，酒店旁边因为在修路，出租车不太方便，不过地铁、公交等还是很方便的
5,早餐品种齐全
5,挺满意的，干净、出行也方便～
4.3,五一长假人多，办理入住和退房均需等待十五分钟以上，好在前台各个都很麻利。客房服务和地理位置都很不错，值得推荐。
5,服务，环境都挺好！携程预订房价才658，很强大！
5,服务很好 住着舒适最主要的是很方便 门口就是地铁站 离东方明珠 外滩都很近
5,酒店这价钱住陆家嘴也别想太豪华，总体还说的过去，倒是携程处理事情的速度与态度出乎我的意料，赞一个
3.3,连续出差好几个月了 终于休息下来了 每天晚上回来想泡个热水澡 可是水温真的也是醉了。23:30给前台和客房部打电话说水温不行 客房部说让工作人员来看。就一直等一直等。等到快12点了。然后再给前台打电话 被告知 无法解决，说换房间要等她们差 大概需要20分钟…20分钟、晚上让等20分钟。总共等了1个小时…本来就很累。半夜还要等一个小时。然后大堂经理告诉你 现在没水了。因为太晚 加热的水没有了。要等。换房间也木用…我真心醉了……五星级酒店半夜告诉你没有热水。来前台交涉半天之后告诉你 可以先借你spa泡澡用。…半夜12:30……真心的 去完spa我还睡觉么……临退房之前给客房服务打电话 说要几个袋子装东西。大概1个小时也没给送过来…
5,一直都喜欢这家，性价比高。位置好，地铁口一出就是，但周边环境一般，附近没什么好的食肆。酒店内部很不错，卫生，服务，都蛮舒心的。酒店的餐厅也蛮喜欢，外面没的吃，就在酒店内吃，也吃得很满意。
5,实位置很好，之所以给4分，是因为去的时候下面正好是轨道在施工，所以道路有点通行不便。 2、设施齐全，房间开阔，服务也周到，卫生很棒。总体上来说是一个住的很舒服很满意的酒店。 3、早餐很不错，我老婆特别喜欢这里的早餐。 4、就是加床体挺贵的
4.3,酒店在浦东大道旁，位置应该不错的，只是浦东大道要修一年，交通有影响。饭店的设施很全，特别是早餐很丰富，客房的服务也很好，瓶装饮水不够打了电话就免费送来了。
5,房间非常不错，可以看到黄浦江的江景，地理位置也是非常的方便，门口就是地铁4号线，去陆家嘴，南京路，浦东等商圈都是非常快速便利的，虽然门口在修地铁14号线，但是先对而言交通算是很便利的了，早餐非常不错，服务员很热心。
4,一般般吧，提前很久预订767块，入住当天查的是不到600块。醉了。想退了767的再订便宜的，被告知不可以。有点强买强卖的感觉。明明可以有便宜的房价，就是不给你，有点心塞。特、别、不、好、打、车！去陆家嘴上班只能走着。7月末的上海，真是热啊！
4,周边在修路，不太好走，在五星酒店中属于设施比较老的，前台服务员个个冷面，说的话是客气的，但总感觉不是真心的。早餐加餐不太及时，服务倒是很好。
4,免费升级到行政楼层，设施好，非常安静。房间内还有苹果音箱，可以给Iphone充电。 38楼景观没得说，早餐还好，就是要赶早，不然水果没啦。遗憾的是退房花了我40分钟排队，这也是第一次遭遇到排这么久等待退房的情况。不知道是服务员的操作太慢还是系统有问题，总之希望改进。
4,酒店早餐丰富，其他服务态度蛮好的，就是办理入住后有点小插曲，门卡一直刷不进，打电话服务部一直让我刷，说我没有刷好，叫他们来弄还是叫我自己先刷，后来第四次电话后终于有工作人员上来换了张门卡，说前面的卡没有设置好！我们带着孩子在门口站了十几分钟！
5,除了酒店门口的交通因为修路不太方便外，其他都很好。
4.3,一直住，还不错的人，再来点新颖的吧
5,好，地铁口附近，价格合适，早餐丰富。下次一定记得再来。
5,总体不错
5,酒店免费升级还是相当不错
5,酒店环境好，设施比较新，交通方便
5,不错，得提前订
5,整体环境不错值得推荐
4.3,去陆家嘴出差的话这家酒店算不太远的，就是现在门口修路
5,非常棒的入住体验，酒店帮免费升级到了套房非常感谢！
5,位置很好，房间很干净，适合商务
5,很方便，房间很干净。每次出差来都住这里。
5,靠近黄浦江，就在陆家嘴旁边，办公很方便。含早餐。挺好的。
4.3,总体来说还不错吧，可以在加强
5,交通方便，室内干净，不吵，性价比挺高
5,房间不大 不够五星级标准 交通挺便利的
5,环境较认可，服务较认可。
5,酒店设施不错，周边交通方便，很适合说走就走的出游。
5,前台有进步 态度很好 酒店房间很满意
5,房间不大，但是挺好，有浴缸，早餐一般
5,不错 性价比挺高
5,还不错 同事出差都一直去
5,门口浦东大道修路影响了酒店进出。整体来说还不错，服务符合的上挂牌五星的待遇
5,很好啊很棒的不错特别好的
5,酒店环境还不错，门口就是地铁，房间很大，大床房的大床巨大，太惊人了！
5,位置方便，各项条件不错。
5,交通便利，环境卫生，服务态度好，性价比高。
5,都不错
4.3,酒店位置很有优势，就是4号线浦东大道1号出囗，五星酒店没达到准五星的标准！
5,环境很好，江景房，设施也不错
4.3,服务一般般
5,很好，都很满意，早餐很丰富！
5,信价比很高的酒店。
5,交通便利，房间舒适，可以看见黄埔江景，赞！
5,位置不错，看了别人的点评才选的，可惜的就是旁边在修路，交通不太方便
5,酒店环境优美，服务设施齐全，交通方便
5,交通比较便利 出行挺方便的
5,经常住这里，最近旁边修路，白天不太安静了
5,老住户，习惯了，还不错
4.3,还不错
5,非常好的交通及酒店环境！
5,房间很大，很好，服务不错，但酒店门口浦东大道一直在修路，有点乱。美中不足的是酒店早餐不是很丰富，不知道是不是因为我去晚了的缘故！下次去可以还住那儿。
5,还不错吧 地理位置挺方便的
5,方便干净整洁舒适清爽
5,睡眠质量好，周边夜色不错，价格合理
5,非常好呀，很满意。服务很周到，地理位置也很好噢，下次还会选择这家！
4.3,靠近地铁4号线方便出行。
4.3,修路。。我的天。。其实打车什么也还好。就是楼下看着不太爽
5,客人说不错
5,非常好的一次体验。距离地铁站隔一条马路。看俯瞰黄浦江。性价比高。
5,煲仔饭好吃
5,交通极其方便，设施高大上，很不错的选择
5,房间非常干净，很舒适，下次还会考虑入住。
4.3,不错不错不错你猜
5,很好，就是周边在修路不是很方便
5,可以的。房间还不错。高楼俯瞰也不错。停车麻烦
5,都很好就是前台办理入住要排队十几分钟
5,好 很不e 乾Q 整R 早餐好吃 r格在
5,不错
5,可以，还不错，值得入住，下次还会去
4.3,非常满意的江景房！
4.3,酒店硬件软件都ok，住得舒服也很干净，就是浦东大道在修路，出行开车不方便
4.3,每次入住都选择这个。主要是离办事情的地方近，方便出行。位置也蛮好，周围设施齐全，比较便利。入住感觉很不错。
4.3,同事出差上海，指定这家酒店。主要是离办事情的地方近，方便出行。位置也蛮好，周围设施齐全，比较便利。入住感觉很不错。
5,不错的选择
5,老客户了，到上海的第一选择就是这儿了，就像到家一样，很亲切很熟悉的感觉，非常舒服！也总是向朋友推荐，住过的朋友都很喜欢。
5,每次都住，这次有特价，估计是浦东大道的工程对业务有影响。非常满意。酒店细节做的很好，消耗品，如洗发水之类的质量都很高。
5,离地铁口近，二线黄浦江江景，性价比高
5,4号线浦东大道站，交通非常方便
5,不错
5,酒店的地理位置很好，出行很便捷，房间布局合理，还准备了熨斗和烫衣板，很温馨很实用的。
4.3,环境不错，就是房间空调制热不太好
5,地铁旁边 出行方便 不过周围没什么吃的
4.3,性价比很高，周围出行很方便。不错
5,环境很好，服务很好！
5,酒店很方便 四号线浦东大道一出口出门就是 早餐也很好
5,同事评价很高 作为以后出差的指定酒店了 设施新 地点好 环境好 服务号
5,服务很好。环境非常好交通方便强烈推荐
5,商务出差，交通很方便，下次会继续入住。
5,很满意
5,房间不错 浴室蛮大的 早餐还好
5,公司开会预订，还不错，但就是最近酒店的大门常关，需要绕道而行，有些麻烦。
5,酒店临近地铁站，出行方便，从房间可以看到黄浦江，视野开阔，服务人员也很认真负责。
5,不错，直接升级裕景房
5,第二次入住了！很不错的酒店！加油！
5,位置很好，，，，，，，，
5,每次都住这里，很方便，床很舒服
5,豪华大气上档次
5,交通便捷，房g也^乾Q舒m，唯一不足毛巾比^硬。
5,房间有点小，但是配套设施很齐全。下次去上海还会住。
5,离开会的地方很近，方便舒适。
5,很满意
5,不错
4.3,酒店位置不错，设施有点旧了，但是这个价格在上海性价比还可以
5,环境很好，位置也不错，就是修路有点影响
5,睡得还不错
5,服务设施环境都很好，离地铁站也近
5,环境很好，交通便利，同事都很满意，回来反馈都说下次想继续入住！
5,还不错
5,前台和客房服务员的服务都很周到，房间也很大，床特别舒服，淋雨水也很大，很愉快的一次入住
5,交通很方便，就在地铁口
5,位置不错，近地铁，出行很方便，酒店总体感觉也很好，价格要是能再优惠些就更好，网上较低价格的房间不好定到 。
5,出行方便酒店环境好 附近设施齐全
5,交通非常方便 陆家嘴附近 服务不错
5,真心不错
5,很好，早餐是自助餐，很完美，虽然离正大广场远了点，但是也还好
4.3,酒店门口在修地铁还不是什么，不太方便，前台办理很慢，有时候说了脸色还不太好。
4.3,酒店服务很好很周到，房间设备都不错
4.3,很优惠的价格入住，房间以及整体设施都很好，地铁站就在楼下，很方便。只是周围在修路很乱感觉，不过这点不会在意
5,一如既往的好，很方便，服务也很好
5,不错！
5,非常满意
5,不错
5,还不错
5,出门马路对面就是地铁，出行方便，酒店软硬件过的去，早餐相对差了一点，其它都满意！下次来上海还会考虑入住！
5,地段优越、房间大、设备新，有很多对于商务客的贴心小细节，在浦东的性价比很高，早餐选择比较多，退房需要排队，整体评价非常赞
5,交通方便，早餐口味不错。孩子最喜欢酒店的游泳池。
4,位置好，服务好，值得推荐，餐厅吃到贵。
4,总的都不错，位置、硬件都好，不过前台只有一个人，排队挺长、房间很不错，但是没有牙刷，叫了服务员很快送来了。
4,早餐很一般，淋浴房的地板以及卫生间的卷帘太低级，让人感觉不舒服，电视不是很清楚，但交通很便利，高层的风景也不错
4,裕景房可以看到江，浴室的大浴池很棒。快餐厅超级难吃，又贵。服务从前台到餐厅没笑容。泳池很好，早餐很棒。
4,酒店位置很好，前台客服服务态度很好，房间干净整洁。交通比较方便，客户反映还不错，下次还会选择此酒店。
4,属于比较老的五星级酒店，因为靠近公司所以选择了，卫生环境硬件条件等还是不错的
4.5,@地方距x地F浦|大道很近，附近可以吃|西的c也很多，_很m合出差或是旅行，只是目前附近地面有大量施工，可能有rX得不甚美^
4.5,酒店也算住的不少了，这里的前台服务全程没有笑容，房间打电话到服务中心没人接电话，门口想叫出租车，酒店门口人员直接回你：现在这社会都自己滴滴打车…我也是醉了，第一次碰到这种事情，以后不会来了，星级和服务真不在一个级别上…
4,酒店位置佳，交通便利，近地铁4号线浦东大道站。房间干净，床很舒适，房型还免费得到了升级。服务也不错，送景点门票。
4,酒店位置还算可以，送下午茶非常不错哦，愉快的下午。
3.5,酒店就在地铁四号线的1号出口，位置很便利，出行方便。但酒店地处较偏僻的位置，配套不完善，服务员建议吃饭要坐地铁去到陆家嘴，但其实去陆家嘴坐地铁要换乘，坐公交车只是1站路，但要走挺远的一段路才有，还是很不方便。周边在施工中，环境不太好。其他的都还可以。
3.5,出门对面就是4号线，交通非常方便。这是一个优点。第二个优点是房间挺大。接下来就是但是了。一身为五星，到酒店没有人拿行李，服务员站门口聊天，当没看到你拖个行李。二办理入住非常慢，在前面没人的情况下就得办理将近二十分钟。三早餐基本没什么东西吃。
5,对酒店的环境和服务是没有任何意见，唯独不满意的是，我在携程网上定的是3间两夜的房间，在要去上海的时候，公公身体不舒服发烧了，老人家吃不消来上海，于是马上联系携程问房间是否可以退一间，但是怎么说都没有用，两天的房费一分都不给退，只能说我付了钱了，就是他们说了算，一点也不可以通融和体谅我们的原因，下次碰到全额付款的预定，坚决换别家的去定。
4.5,陆家嘴为数不多的酒店，靠近公司，方便。前台服务态度很好，给升级了豪华间，看江景，浴室超级大，很棒！下次还住
4.5,服务还不错，酒店看起来有些年了，不过还是非常舒适的！
4.5,这次是商务旅行，位置没得说，很方便，出入便捷。早餐就一般般需要改善。而且不含双早有点令人抓狂，总体来说还是令人满意的。
4.5,周边在修路，不太好走，在五星酒店中属于设施比较老的，前台服务员个个冷面
4.5,还不错，值得推荐，价位再便宜点，返点再多点就好了！卫生间很好，热水也很充足，希望下次有机会再订这里住！
4.5,还好吧 位置很方便 室内只能说还算干净～ 也不是特别贵 所以推荐
4.5,床相当舒服，房间设施也很不错，很愉快的入住体验。
4.5,酒店交通非常便利，房间很好，服务也不错，就是洗澡间下水太慢了
4.5,特价的高级房 安排了个看不到江面的房间 健身房设施太少 其他都挺不错 卫生服务都很好
4.5,清洁阿姨能笑脸相迎，有免费的早餐和下午茶不错，延迟退房到2点，门口就是地铁，总体来说不错。携程的价格也不错，挺好！
2.8,地铁出来对面，附近修路十分不便，入住排队超过半小时，退房十五分钟。设施齐全但是被子有污渍，未见合理服务，前台未见微笑，早餐服务生更是让人无语。房价作为硬件五星很优惠，但因为这样的服务不值得。
4.5,什么都挺好。就是电视不能看上海“第一财经”台是个遗憾，经常要去楼下的泰和足道里看
4.5,性价比比较高，不过出行路线很一般
4.5,不错
4.5,早餐是最大败笔了，感觉三星级宾馆的水准
4.5,酒店性价比不错，出门就是地铁站，周边正在修地铁。
4.5,好评
4.5,这些天都满房，订到就算不错了，价格还算公道。
4.5,除了结账太慢，其他还不错。
4.5,位置不错，门口就是4号线，到陆家嘴中心打车起步价
4.5,还可以，就是房间不是很大，周边在装修
4.5,就在地铁边上，出行很方便。好像是新的地铁线路施工，酒店边上都是工地
4.5,不错！服务态度很好！
4.5,不错的酒店，房间很好，就是不知道淋浴怎么用，后来摸索了一阵子才搞出水
4.5,整体感觉不错，服务也很热情，五星级性价比比较高。
4.5,位置，房间都很好。价格也不错。后面就是滨江大道，很不错。
4.5,不错
4.5,还不错。
4.5,可以 整体不错
4.5,酒店还不错 夜景也很好 服务态度也很好 唯一不好就是门口正在维修
4.5,其他都挺好，就是早上退房特别慢
4.5,环境不错 档次也有 对的起5星 就是周边在修路
4.5,离地铁站近，但是边上修路晚上打车不方便。
4.5,多次入住了，这次住的裕景房，朝向不好，不喜欢。以后不住这个房型了。
4.5,酒店性价比极高，早餐较为丰富，
4.5,周围在造地铁，浦东大道封闭了，其他都还可以。返现五十挺快。
4.5,还不错，可看到黄浦江
4.5,前台办理入住排队20分钟，应有应对措施！其他均佳。
4.5,整体不错的，就是设备尤其是充电插口都比较老
4.5,房间有点拥挤，游泳池维修不可用，有些失望
4.5,酒店还不错，早餐一般
4.5,房间不错，床很大，前台入住和退房慢
4.5,非常不错！
4.5,带一家人来上海玩，其他都还好就是床跟枕头太烂了，没有一点5星级的水准，整晚都没睡好
4.5,还不错
4.5,非常不错
4.5,总体满意
4.8,住了第二天换了2911景色不如3531但是大床房，台风依旧，虽然不如3531房间宽敞，但是也还好吧，住这个5星还是体验不错的，而且早餐超级好！下次来还会选择这里
4.5,其实酒店的基本设施、服务都挺好的，而且早餐也很丰富，地理位置其实很方便，就在地铁口，唯一不好的就是插座偏少点，对于我们这种又是手机又是pad又是充电宝的人来说，稍微有点不方便，而且浴室的吹风机插座很松，需要一个手按着插头，一个手吹，着实不太好
4.5,浴也有浴缸，玩累了回去还可以边看电视边泡澡，非常不错。因为浦东大道修路，环境打点折扣，前台个别人员服务水平有待提高。到东方明珠出租起步价，到南京路也不远。选楼层高点的且尾数是15至18的房间看景更好。
5,很好，早餐也不错。整体都还好。。。。
5,每次出差同事都指定住这里，离陆家嘴商务区步行15分钟左右。不是很好打车。酒店毕竟是五星级，软硬设施都还可以。
4,酒店设施不错，酒店周围在修路。前台工作人员办理退房速度太慢，需要等待很久。
4,大堂办理入住很慢
4,酒店很不错，服务很好，卫生很好。
4,值得推荐！
4,还不错，交通方便的，能不能不要总是15个字
4,房间挺不错，床也很舒服，洗漱间很赞！
4,整体而言不错
4,酒店设计有问题，晚上窗户一直有啸叫声。问前台说是风的声音。
4,不错
4,不错
4,周边在施工环境一般，靠近地铁站，步行2分钟，入住等候了蛮久的说是房间未完成打扫，退房排了很久的队
4,环境不错，出差选择，已经入住第二次了
4,没以前好了，房间地毯有点脏
4,游泳池超赞
4,打前台电话n个都没有人接。就算退房时间酒店前台不接电话的我还是第一次碰到
4,还不错哦，住住还是可以的 还不错哦，住住还是可以的 还不错哦，住住还是可以的 还不错哦，住住还是可以的 还不错哦，住住还是可以的
4,门前装修其他还好
4,相当不错的酒店，方便舒适
4,还算不错的酒店，主要是交通很便利，去哪里都很方便
4,不错
4,窗稍微有点小，其他还不错，五星酒店，中规中矩
4,服务一流，周边环境不是很好，因为浦东大道在施工。
4,不错的酒店，交通方便。经常定的酒店。 就是门口修路，不知什么时候完
4,酒店总体感觉挺好，去的时候等了好长时间打扫卫生，之前住过一次，早餐挺好的，这次去早餐难吃的不行，失望
4,还不错
4,酒店安排了高楼层，视野不错，房间设施略显老旧，卫生状况一般。可能由于门口修路，客源有所下降，造成员工服务意识不足，有待加强。
4,帮同事订的，以前听说不错，这次听同事反映，大堂服务生看到我同事推着个大箱子进来非但没有上前帮助，反而转身当没看见。有点令人意外。
4,满意，体验不错
4,没有预定的房型，免费帮升级了行政，还不错
4,修路原因导致交通不方便，前台效率非常差。。。。
3.3,酒店服务态度还够得上五星酒店，但设施陈旧，很多设备已经无法正常使用，与星级及其不符！早餐是我吃过国内外最美的五星级酒店了，甚至与大部分四星酒店都无法相比！一楼另外一家小火锅餐厅，喝的鲜榨西瓜汁居然是酸的。虽然服务态度不错，很快给换掉了，但这本来就不是五星酒店应该发生的事情！希望管理集团会引起足够重视。貌似我入住的期间有集团公司来检查，不知道回去的报告是如何做的！希望不是只是流于表面形式！All the best!
4.8,房间确实不错，游泳池也很好，健身房很大，设施齐全。就是周边在修地铁，有些杂乱嘈杂。
4.8,服务，环境，地理位置都很好，不错，就是附近在修路。
4.8,环境不错，可以看到3座最高建筑物，就是门前在修地铁，有些不太方便。在附近的小南国饭店吃饭也比较方便。
4.8,酒店整体不错，自助餐味道一般，服务还行。
4.8,性价比还不错！地铁旁边，很方便！
4.8,一次超值的入住，还升级的VIP楼层，房间虽然不是很大，但是床很舒服。 早餐品种比较多，服务很到位。
4.8,入住29楼，房间很大，服务也到位。地铁就在小马路对面，出行方便。早餐人多加餐点不够及时，口味还可以。
4.8,浦东南路在修路，外面看起来乱糟糟的，不过酒店里面还不错，房间很大很干净，设施也很齐全。
4.8,还不错 离地铁非常近 在东方艺术中心看演出 打车很快
4.8,酒店位置很好，地铁出来就是，下雨天办事很方便。服务不错，入住退房办理都很快。早餐也很好，夜景看见陆家嘴非常美。性价比比较高
4.8,去上海出差一直选这家宾馆，只要在浦东就这家。性价比高，房间干净整洁。自助餐也不错，服务也OK！很值得，唯一缺点位子比较偏僻。
4.8,酒店配套设施很齐全，也很干净。很满意。
4.8,离地铁口很近，出行方便，早餐比较好。
4.8,非常不错
4.8,位置有些偏，周围修路。其他还是可以的。
4.8,贵是贵了点，总体表现中规中矩
4.8,不错的酒店。
4.8,不错
4.8,性价比很高，但早餐比以前有退步，不过这可能和房价便宜有关系。
4.8,性价比不错的一家酒店，服务可以
4.8,酒店位置很好，交通便利， 酒店对面就是地铁4号线浦东大道站。
4.8,很好的酒店，生意好！如果浦东住非常好的，门口就是地铁！可惜去的时候门口修路，相信修好后感觉会更好，但是不知道到时候会不会涨价呢
4.8,很满意，出去交通也方便，下次还会住
4.8,主动服务应该加强
4.8,房间很时尚，浴缸很舒服，布局很好，交通方便
4.8,酒店环境不错 周边就不好了
4.8,酒店里设施比较好，但是房间比较小。放下行李箱后都没有足够空间邀请朋友进来坐
4.8,经常住这家酒店，一路既往的好，不错。
4.8,免费升级了裕景房。虽然前面有幢房子挡着点，但三面都能看到黄浦江的美景，赞一个。不过早餐简单了点，一般般
4.8,房间卫生很好，酒店服务中规中矩，门口停车不太方便在修路
4.8,早饭服务都很不错，就是屋子有些潮，还有蟑螂……
4.8,前台接待有点慢，但帮我们房型免费升级。早餐比较丰富，种类很多。保安很差，指挥个地下车库入口，我找了两圈。
4.8,感觉还不错就是感觉有点陈旧
4.8,酒店环境，服务都很好，特别是早餐到十一点，很赞哦
4.8,酒店环境较好，但饭店服务专业性有待提高，前台退房排了半小时的队，周围在建设影响总体出行感受！
4.8,自助早餐还可以用点心去做一下
4.8,交通方便，酒店不错，就是周边没什么商业，吃饭有点麻烦
4.8,酒店的环境真的很棒，我们住37楼，晚上可以看到真个上海的夜景，棒棒哒！房间淋浴房和厕所分开，还有浴缸（虽然我们不用），酒店3楼有早餐，种类好多，服务棒棒哒
4.8,酒店环境真心不错，服务也很好，下次还会光顾。
4.8,干净，离东方明珠很近，交通方便
4.8,酒店干净卫生但空间较小，周边环境不错订了两间房一间正对黄浦江很惬意，交通也方便，下次到上海还住这里
4.8,酒店服务环境不错，view也很赞，老婆很满意～
4.8,可以的，服务周到，就是周围建地铁，稍微有点影响
4.8,服务中规中矩！
4.8,出行比较方便
4.8,首先，酒店的大堂给人一种很亲切、很简洁的感受，有点像Holdyinn，其次，酒店的服务也不多，订的高级房硬件设施这个价格在同类五星级酒店没得说，一流。唯一不足的可能就是地段的问题，这也是为什么房间稍微低点的原因吧。性价比而言，还是很高的。
4.8,商务型酒店五一假期的价格貌似比平日还便宜，干净整洁，床超大，服务态度也不错，就是为什么是单早呢！要不就双早，要不就无早比较合理吧
5,我是名人我喜欢酒店
5,虽然酒店有点年头了，房间也比较小，但干净整洁，出行交通非常方便，离地铁站才1分钟的路程，美中不足的是早餐，品种很少，感觉没什么好吃的，希望酒店有所提高。
4.3,缺c:1.入住r台人T二人，有第三M客人等很久！2. 入住後O施拉不了 c：1。位置好 高涌袋S浦江 2。O淝度很好
4.3,从未见过退房排队可以排成这样，打电话去前台想延迟一下退房，电话永远没人接，十二点准时下楼退房排队一直排到十二点三刻刚办完退房手续。这种五星级酒店的服务实在是让人有点担心！
5,在上海周末订房还是比较优惠些的，工作日时就非常贵了。除了浦东大道目前在修路有一些影响交通和景观外，裕景大饭店整体来说是非常好的，性价比也不错。
5,地点非常好的一家五星酒店，就是一楼的停车下客的地方太拥挤了，体现了上海的寸土寸金呀！运气不错，入住时行政房没了，免费升级到了行政景观房，酒店的最高层，上海的夜景太美了，谁住谁知道！！！
4.5,因为浦东大道修路 多少有点影响 但是酒店环境很好 很干净 早上视野也很不错
4.5,性价比高，在上海这个价钱住这个星级不错了。房间设备齐全。
4.5,位置还好，出地铁就到，房间布局合理，喜欢中厅，适合商务出差。
4.5,这是第二次入住住，第一次住，在前台登记入住的要1480元，第二次入住在携程订的才740元，还是个总统套房爷，4月16号我生日我还会再来的。????????????
4.5,非常不错的体验，性价比很高！比前一天住的皇冠好一些，， 送餐服务的沙拉差了点儿，，
4.5,酒店很舒服，对得起这个价钱，就是前台人员不太热情，一直用上海话跟旁边的同事交谈，服务水准有待提高。
4.5,酒店总体很好，就有一点感觉很差，拖鞋是用过的，酒店方换了拖鞋，解释说拖鞋是清洗后重复利用，这个解释很牵强啊…
3.8,出差预定，首先设施肯定是五星的标准，但是房间的柜子有点旧了，掉皮，不过总体还是满意的，早餐也还行，游泳池最赞，按摩泳池很喜欢，人比较少，需要带泳帽进泳池。说说服务吧！这是我住过的5星级酒店里服务最差的！前台全程无笑脸，都不带正眼看你的！因为参加展会，有些大件物品快递到酒店，麻烦礼宾处帮忙推到地下车库，礼宾部的工作人员完全无服务意识，推到车库就在一旁看着，我一姑娘自己往后备箱一箱箱的搬，根本不搭把手，每次出差都选择5星酒店，这是服务最差的酒店，没有之一。其实5星酒店最后拼的也就是服务，设施都是一样的标准，谁的服务好，谁的服务意识强才是王道。
5,酒店硬件设施好，客房服务和送餐也不错
5,非常满意的一次入住体验。和男朋友一起去的。早餐也不错
4.3,不错的！下次还可去！当时旁边在修地铁！现在不知道了！
5,帮朋友预定的，回复情况非常不错，酒店位置佳，服务好，地铁，公交都很近，非常方便出行。以后还会继续入住。
5,酒店非常不错，周边设施都挺齐全，出门也很方便，服务还是比较到位的，很喜欢，总体还不错，下次应该还会光顾。
5,很不错的酒店，地理位置方便，出门就是4号线，离开陆家嘴也很近，打车就是一个起步费。酒店环境和设施相当不错，非常安静，很干净。服务也周到，下次还会再来
5,蛮干净的，服务也不错，建议放个空气净化器
4.3,位置还算方便 出门地铁 就是入住退房好慢啊
4.3,酒店就在地铁站附近，交通非常便利。订房时赠送了双人下午茶，房间不大不小，窗户比较小！酒店早餐还不错。
5,住的是行政楼层，安静舒适，早餐也较丰盛，环境安逸。酒店设施是全新的装修，走到陆家嘴才十几分钟。楼下就是地铁站。非常方便。赞
5,酒店位置很不错、设施服务也不错！
5,还可以不错、唯一不足是早餐要170一份有点贵、而且菜品不多
5,房间卫生比较干净，地理位置挺好，地铁4号线就在门口……已住过两次，不错
5,地铁4号线出来就是，很方便。离开陆家嘴也不远。 环境是没的说的，很安静，值得推荐的一个酒店。
5,老牌五星饭店，值得推荐，交通便利，设施、服务、房间视野都很棒，如果早餐能多点中餐选择就更完美了。
4.3,酒店的地理位置还是很不错的，早餐也很丰盛，价格也还可以接受，房间设施和卫生也可以，总体来说没什么可挑剔的
5,替朋友订的，本人也上房间看了一下，总体感觉不错，位置、硬件设施、服务各方面都不错。
4.3,各方面都不错，卫生细节需要加强，周边由于修路交通不方便。
5,很不错，干净，交通方便，地铁口，级别也实惠。早餐种类不多。
5,位置比较方便，就是浦东大道在修路不太好找，汽车地铁都很方便。尤其值得称赞的是酒店的早餐很丰盛，非常值得推荐，客人非常喜欢这个酒店
5,大堂吧，洗衣，housekeeping都好，早餐人太多还是餐厅太小，没搞懂？check-in有火车站票窗的赶脚。。。。。。
5,酒店不错，性价比很高，设施和地段都挺好，早餐也很丰富。
4.3,第二次入住了，第一次入住感觉还行。这一次两次感觉不好，一是早餐部的服务态度冷淡，二是电话续住时前台没及时接电话并且说话口气太＂职业＂
4.3,服务稍欠，关键门口地方太小，停车下车叫车不方便，而且门童随时不在.....
5,酒店很好，很舒服，很干净，地铁就在对面，超方便，下次去上海还是会考虑入住它
5,非常好，经常住这里，交通方便，早餐房间服务价格不错，环境非常不错，观景黄浦江，免费停车，卫生间设计合理舒适。
5,跟其他5星级的比，房间不算大，早餐品种不算多，但基于这个位置和价格算可以的，楼下停车方便的，
5,环境非常不错 地段也很好、除了早餐只有一份外其他都非常满意，原本只打算住一天，果断又连定了两天，下次来上海还住这！
5,非常好的酒店，地理位置很好，距离地铁站很近，房间设施和卫生都很好，早餐也挺好。
4.3,房间宽敞，离机场相对较近，只住了一宿，感觉还不错。 只是周边吃饭的地方不多，倒是酒店的一楼餐厅还可以，客人基本满意。
5,这是出差给同事订的。位置不错，服务也不错。下次过来出差可以选择住在这里。装修得体，美观大方，耳目一新。
5,很超值的一次入住体验，酒店位置佳，房间明亮通透，服务、餐饮也很棒
5,好，早餐也丰富！价格在这个地段实惠的！
4.3,帮外国客户预定的酒店，非常不错，价格适中，靠地铁出行方便，周围有超市，24小时便利店都很方便！客户点名住这里！
5,"门口就是地铁,去哪里都方便。陆家嘴尽收眼底。早餐，就不要在38楼用了，都是西点，只有几个老外在吃。去3楼，中餐才有。酒店内很安静。总之不错。"
5,干净整洁，舒适而不奢华，早餐非常丰富，5楼的中餐也相当精致。不错的差旅落脚地。
4.3,酒店地理位置确实不错，去滨江大道、海洋馆打的起步价就行。早餐有点贵，幸亏是送的，如果是额外购买的，就没有必要了。
4.3,酒店窗外景色不错 楼下施工噪音很吵 早餐有些贵
5,第二次定了，非常好，设施交通服务各方面都很满意
5,地理位置还行吧，入住环境，卫生都不错！
4.3,周边修路，离地铁站很近，早餐还可以，陆家嘴地区比较实惠的酒店了
5,服务不错，卫生也很不错，下次出差还住这家。
5,很不错，已经多次入住了
5,酒店位置很好，周边交通方便，父母自由行住的很舒服
5,挺不错的，可惜我那天没起来吃早餐
5,值得推荐、不愧是五星酒店、房间很大！
5,我欢喜的酒店，交通很方便，性价比非常高！
5,环境服务地点都没得挑，周边性价比一流
5,环境，服务，景观都很好
5,闺蜜媛来上海，住在陆家嘴那边比较方便，不过周边在休整，在陆家嘴那边还是蛮方便的。
5,交通很方便
5,环境 设施都没话说 超爱他们家的浴缸 好大好大
5,酒店位置还行出门就是地铁口。房间很大。很干净。性价比还算不错。
5,不愧是豪华酒店 不错
5,不错
4.3,可以推荐
5,最满意的一次的入住！
5,不错的
5,很不错，位置很好！交通也方便！
5,不错，继续支持
4.3,边上在修路不太方便，开车去的有停车场还是不错的。 地段很好出门比较方便，地铁口就在楼下，所以感觉还是不错。
5,总的来说不错
5,不错，各方面都还好。
5,服务很好，wifi也很给力
5,满意
5,位置非常棒，走步就到第二天开会的地方。
5,还可以，我一直住这里。服务很好！
5,性价比很高，外景也不错。
5,很好，环境优雅，景观一流
5,很好的饭店，客户很满意，以后还会选择！价格稍高
5,很不错，满意，推荐
5,感觉没有评论中说的这么好，可能是地段原因所以价格偏高，总体上还不错
5,不错滴
5,给公司的客人们订的，都说很好很舒适。
4.3,交通方便，总体满意，推荐。
5,就点很干净，交通也很方便，送了旅游景点的
5,酒店交通很方便，也很安静，主要是距离我朋友家近，非常好的一次体验。以后过来办事还住这家
4.3,一般化。当天一个前台太不熟练了，我们很着急，他一直是慢悠悠。
5,帮朋友预订的，出行方便，酒店设施齐全，很满意！
5,不错，就是早餐没啥吃的
5,观景不错，能看到黄浦江。 比较安静。
5,非常满意
5,酒店环境很好，服务态度也很好，餐饮很丰盛！
5,不错，地址好，就在地铁上
5,非常的满意，房间超级大！
5,酒店位置很好，门口就是4号线，房间也很干净舒适，不过早餐简单了点
5,酒店位置不错，4号线出来对面就是，房间有点小！卫生都挺好的！可以看到黄浦江！
5,酒店服务设施都不错，地点好
5,还行，洗漱用品很难闻。早餐一般，咖啡很好喝，
5,非常不错，温馨舒适，距离机场近，商旅出差的首选！
5,地段很不错，酒店设施也很好，价格也合适。 满意！
5,门口施工有点小影响，其他酒店设施卫生自助餐都是很赞的
5,还可以的酒店，还会选择入住
5,酒店免费升级到套房，儿子在房间泳池游泳，非常棒
5,酒店很好，很干净。入住房间的窗户可开，很舒适。
5,位置离陆家嘴很近，性价比高，牛排很好吃
5,性价比不错，早餐很丰富，
5,据说是个时间比较久的酒店了，但装修不觉着陈旧，酒店门口就是地铁交通方便。
5,环境不错，住的挺舒适的
5,五星酒店，服务还是不错的，值得推荐！～～
5,还是不错
5,国庆订的，人有点多！因为拿房间钥匙时间推迟两小时！前台帮我改了套间，房间还蛮好的！就是提供的双早太单调咯！
5,酒店各方面都不错
5,光景很好，很方便，地铁出口
4.3,酒店设施不错，就是服务较差，办理入住和退房要等待好多时间
5,免费升级城景 景色很好
5,上海不错的住宿选择，周边交通方便，
5,很不错，值得再次住，早餐很丰富
4.3,酒店设施满意，但周围环境不好，房间很紧张
5,第二天又重新入住！
5,感觉还是很不错的，视野开阔。卫生也好
5,早餐丰富，西餐特别的好
5,服务一流，交通便利、环境好
4.3,旁边在修路，酒店设施有点偏旧，办理入住退房等待时间长。
4.3,总体还不错
5,环境不错。美中不足就是门口正在修地铁。
5,很不错的酒店，性价比很高，值得推荐，
5,很不错，就是小贵
4.3,酒店前面在修马路不是很方便！总体感觉还是不错的！
4.3,这个价位还不错，早餐的西式糕点很好！
5,不错
5,离公司近
5,酒店位置于浦东，我特意订了江景房，两面落地窗户对着黄浦江，看夜景还是非常美丽的。房间、卫生间也特别的大。就是早餐品种较少，有待改进！
5,还是很不错，房间很大，设施也齐全
4.3,服务很好
5,房间很干净，可以看到黄浦江。
5,最近楼下在施工，但是也不吵，地理位置和性价比都很高，免费升了行政房，早餐也很好，特别是西点这部分，入住和退房手续都很快
5,性价比高的一家五星级酒店，自助晚餐做活动买一送一，另外送双早，真是值得回味。
5,不错
5,硬件可以，直接面对陆家嘴，景色很好
5,很好，入住的外国朋友较多。出门马路对面就是地铁4号线，3站到东方明珠电视塔，交通方便！
5,不错！离浦东的景点很近！
5,酒店不错，服务好，尤其是可以游泳，水特干净，超赞！
5,交通方便，很方便，下次还会入住
5,周围在施工附近吃的地方不多，但是酒店整体非常好性价比高。
5,第二次入住了，酒店门口就是地铁，购物很方便
5,不错
5,酒店挺不错的，能看到江景，性价比也不错下次还会去
5,不错。 干净，出门就有地铁方便
4.3,房间够大也够干净舒适，就是自助餐太难吃，晚餐的海鲜自助更是不值
5,环境很好，价格很好，风景很好，态度很好！
5,还不错，环境位置都还好。。。。。。
5,地址不错，设施不错
4.3,挺不错的一家酒店，地理位置相当好。早餐一般。
4.3,五星里 性价比很高了 设施有些陈旧 但总体还是不错的
5,位置无敌，总体不错。。。。。
5,总体满意
5,满意
5,不错，500多的价钱，服务很好
5,不错 就是门口在修路 但是影响不大
5,酒店对面就是地铁站，出行很方便
5,满意
5,一如既往的好，值得入住，推荐
5,不错
5,性价比很高，卫生、服务很好，酒店对面就是地铁站，下次还会入住。
5,特别不错！还给免费升级了一晚豪华套房！
5,还不错，地理位置也还可以
5,还不错，挺好
5,地理位置不错，地铁口出来便是，到陆家嘴各景点都不会太远，服务，设施都很好，性价比很高
5,酒店位置很好，出门就有地铁4号线，房间升级到行政房，房里很好
4.3,三年前也住过这家酒店，内部环境还是比较满意，就是因为浦东大道修路的原因交通不是很方便。
4.3,不能游泳 周围修路~
5,都不错，就是房间有点小
5,非常不错的酒店！值得推荐！
5,除了周边都是工地这一点，其他都很好，离地铁很近
5,很好，票也都是驴妈妈旅游搞定的，有便宜又好
5,很舒适的酒店，貌似最近在修路，靠近地铁，交通方便
5,老五星酒店，不过感觉还是不错的，性价比很高啊
5,不错
5,外面修路，开车需导航。其他还不错
5,不错，设施挺齐全，环境也很好。
4.3,总的来说还算可以，房间不大。附近在修地铁，比较嘈杂。
5,不错
5,第二次入住了！
5,双床比大床房间大哦！不过大床是2米宽的很舒服。
5,入住这个酒店最大的优势就是方便，酒店门口就是地铁站，价格不错，卫生条件不错，下次还选择裕景
5,性价比非常高！五星级酒店，位置也不错，记得陆家嘴很近。
5,不错。交通方便，性价比好，早餐丰盛，出差首选
5,在地铁站附近，放便出行！
5,还不错，就是周围在修路好像，酒店旁边有药房有超市，就是WI-FI弱到爆！ 因为WI-FI的慢的原因第二晚选择了其他的酒店
5,地铁出口就是酒店，非常方便！早餐种类非常多！以后还会继续选择！
5,地理位置优越，附近景点打的都是起步价，房间也OK！
5,地段好，服务好，很满意，很不错的地方
5,五星标准的酒店，离玩乐的地方都很近，酒店虽然不新设施都还新，早饭供应到11:00，适合懒觉的年轻人
5,环境不错，安静舒适，服务周到，下次还会入住。
5,早餐貌似没有以前棒了，泳池正好维护也是一个小遗憾～
5,很好 很方便 下次还回去 值得推荐噢
5,酒店地理位置好，地铁4号线出来就是。预定的大床房直接升级到套房，超大超??，含双早。谢谢裕景酒店～性价比超高！
5,不错的酒店，门口有四号线非常方便
5,总体还不错
5,非常好！！值得推荐！离外滩近很方便！
5,真心不错，出行方便，附近就有4号线。
5,一如既往的好，暑假人太多了，早餐没平时好
5,酒店设施不错 位置还行 价格很公道了
4.3,服务有点儿跟不上，其他盘还好
5,酒店很舒适，远眺黄浦江很美，下次还会选择裕景，??
4.3,酒店地理位置方便，地铁口就在附近。就是现在在修路。
5,朋友推荐，环境不错，性价比高。
5,不错，就是房间有点小，没想象中那么好
5,酒店位置环境都不错
5,不错
5,不错可以的，物美价廉。
5,酒店还不错，免费升级行政房，果然很棒
5,不错
5,价格还是很实惠的，带双早的豪华房性价比高
4.3,周边施工，进来不方便
5,酒店很不错，楼层的服务很周到
5,不错的酒店
5,酒店第二次入住，最劬频甑脑顼，各方面都很好，喜g！
4.3,还算不错
5,酒店位置不错，出行方便，距离浦东主要景点都比较近；设施齐全，服务周到，下次出行还会考虑入住
5,不错
4.3,28楼的wifi信号很差，这一点基本无法接受
5,经常住，这次住的35层江景房，风光这边独好，非常安静。早餐也很不错，有各式各样的佳肴美食，非常对胃口。并有班车到陆家嘴，省去上班高峰期打的难的问题。好。
5,酒店秉承一贯的严谨风格，房间干净整洁，设施齐全完备。 同时保洁人员的及时清理给第二天的入住带来了极大的舒适感 最为贴心的是对于需要风景需求的客人，也尽量满足。 非常满意！
4.5,周围在做路空气不是很好，酒店地理位置很好，进出方便。如果夏天有辆专车去浦西就好了，上海的夏天真的很热
4,Great location near Lujiazui shopping and Financial District - 15 minutes if you use subway station directly across the street or 20-25 minutes if you walk. Many restaurants and high end shops available. Hotel staff is very helpful and enough English to make it easy. As I am usually short time visitor on business trips do not have time to use many of the facilities except breakfast which is quite good with nice mixture of Chinese and Western foods.
4,一般！
4,kも近く大浔憷な立地ですが、入り口が分かりにくい。リビ`も凇─趣筏皮い毪烦食が大涿牢钉筏った。アメリカンスタイルがやはりベストです。
4,酒店不错，离东方明珠不远，房间不错，就是到店的时候没人帮忙拿行李。早餐也不错，选择较多，服务生挺好，就是有时候动作太快，今天吃饭时刚擦个嘴，服务生就把纸巾收走，也不换新的，小郁闷一下
4.8,很棒 免费升级了套房 下次还来 离东方明珠很近
5,酒店房间整洁，设施完善，餐厅味道也不错哦，服务人员态度很好，对于出行来说也很方便，周边用餐购物很方便，酒店环境卫生也很好，值得推荐！下次还会选择入住的！
5,非常不错，性价比很高~
5,舒适，卫生，早餐很丰富。 大堂气派，电梯很快，打车也方便。 如果下次去上海还碰上特惠价一定继续入住该酒店。
5,整体来说很不错，行政房的晚餐和普通三层早餐是一样的，而且比三层的种类好多了，很不好，
4.3,老牌的酒店，上海很知名，价格比较贵，但是设施服务等比较好的，值得推荐；地段一般，服务很好，早餐很好吃，床很软。
5,环境好，卫生好，早餐也好
5,周围300米之内有公交站台，地铁站！出行方便呢！
5,环境可以还可以看到黄浦江，位置也可以很高档
5,非常不错。。zzz安静
4,一家出门旅游路过上海，房间干净宽敞，地段好，视野好。早餐种类丰富，服务人员热情，价格也合理，下次还会入住
4,周边在修路，但有地铁，交通还算方便
4,干净舒适，推荐入住，稍有遗憾是没有晾衣的地方
4,房间不大，洗浴用品比较少不足六样，卫生间不错，到东方明珠海洋馆很近，早餐还可以。
4,总体感觉不是很好，主要是空调声音太响，房间隔音也不是太好，晚上睡觉被旁边房间电视机声音吵了一夜！
4,风景不错，酒店虽然已有一定年龄但设施保养的不错，卫生也OK，但前台check in 和out 总排长队，惹得很多赶车和航班的客人抱怨
4,整体还是不错。 就是前台回答问题态度让人不爽。 早餐只有一位也是问题
4,性价比较高的酒店，房间干净整洁。自助餐也不错，服务也OK！很值得，唯一缺点位子比较偏僻。不过打车还是比较方便。
4,服务和硬件设施还可以，就是酒店外面在施工，比较脏。
4,还可以吧，跟海神诺富特比差点！早餐没那边好！
4,酒店还行 早餐差点
4,酒店很不错，房间比较大，设施也不错
4,入住太慢
4,地铁口，交通不错。
4,干净卫生！不错………………………
4,酒店硬件都不错，门口修路有点不方便
4,环境总体不错，但服务实属一般。酒店入住信息登记错误，员工态度冷漠，check in/out排队时间太长。
4,不错
4,酒店有的老了，不过十一还是这个价，倒是挺划算。
4,商务出行，商务出行，挺方便
4,设施是可以，其实一般
4,现在携程的预定太差了，办理入住竟然找不到名字，打了N个电话才搞定，浪费了1小时。
4,总体来说酒店不错，不过桌面有很多浮尘，服务还是挺贴心的
4,确实如前面点评的，房间里被子感觉湿哒哒，房间的抽湿能力有问题。餐厅偏西式，人比较多。周边确实很方便
4,不错！
4,周边还在修路，这要修到什么时候啊
4,还算可以周边没有什么吃的，要打的出去才行
4,风景很漂亮，设施也很新，喜欢的宾馆类型，赞
4,门口浦东大道正在修路，但是打车还是没问题，地铁站就在楼下，但是房间较小，性价比不高
4,早餐不是很丰富，服务员态度不好
4,店设施不错，但门口地铁施工，开车不是很方便，
4,大浴缸很有特点，小孩可以在里面玩耍
4,周边环境比较乱，但交通方便出门就是地铁，优惠后的价格还算合理！
4,酒店还算不错，就是房间稍微小了点
4,帮别人订的，说不错，床不那么软。
4,房间硬件设施很好。服务周到。目前外面在施工，但不影响休息。
4,娘亲表示住的还不错，房间通风再好点就好了。
4,总体来说还可以，到看到江，不过不是太好的江。
4,代叫taxi的服务真的不咋地
4,酒店房间很小，卫生间够大，总的性价比还可以。但游泳池居然不开，这个比较讨厌。
4,前台效率低。每次都要等很久
4,游泳池不能使用
4,还不错
4,交通及总体很好，早餐真的真的一般般！
4,酒店就在地铁口，位置非常好。就是设施和卫生感觉不够格。周末价格不算高，还行吧。
4,酒店门口修路感觉出行不是很方便
4,1，只能说我被骗了，专门为了看东方明珠夜景订的，结果看不到，以后看点评还需多考虑。 2，房间拖鞋像是重复利用的。 3，空调的确不太给力。 4，早餐睡过了，不评论。 5，交通还挺方便，出门四号线。 6，门口在施工，敲敲打打有点吵。 7，总体来说，一般。
4,到店时，没有门童，也没有行李车。房间不错，出入也比较方便。离东方明珠，正大广场也就起步价。游泳池温度还可以，就是换穿的拖鞋穿着脚底疼，不穿拖鞋吧，踩在地垫上也疼。这个不太舒服。服务不错，孩子把换下的游泳衣忘在淋浴间，服务员主动打电话询问。整体性价比可以。
3.8,相对于陆家嘴的五星级酒店性价比是很高的，虽然离东方明珠还有一定距离，但是公交只要三站路，酒店背后就有公交车站。酒店附近有些荒凉，酒店后面好像是酒吧一条街，晚上才会开门。房间相比于其他五星小了一半，能看到黄浦江，但是不是繁华的那一段。
3.5,前台入住办理，有团体入住居然前台没有人可以支援分担，其他l理入住客人乾等40分，能力很差，无烟层走廊味弥漫。 房间却卜O小，c浴室空g几乎同大。 早餐一般居然还有人抽烟。不^床和枕^很舒服，是唯一c 。
3.8,酒店就在地铁4号线海伦站1号出口对面，不过周边在修新的地铁，听说要修5年，所以周边的景观不太好。附近也没什么吃的，只有1家便利店（喜士多）...内部是不错的，住的豪华房可以看到黄浦江..房间也算大，收拾得比较干净，唯一不好的就是梳妆台前面的凳子上面居然有血.........早餐比较丰富，餐厅宽敞位置多，就是早上7-9点人会比较多...前台英文比较好，但12点退房的时候只有两个前台人员，所以排了很长很久的队！！相对于陆家嘴其它酒店而言这家算是性价比比较高的...
2.3,交通方便！其他就没有优点了！！一个五星级酒店，前台服务从头到尾没有笑容，就像客人欠她们一样，态度非常冷漠！房间床品有潮湿的感觉，淋浴房花洒最上面一个是坏的，只能用手持的！门密封很差，水全部漏出来，出来的时候差点滑倒，就像房间漏水了一样！自助早餐品种很少，水果没几样，火龙果很酸！房间隔音不好，小孩子吵闹的声音听的很清楚…要求送一个红酒开瓶器，打了两次电话，半个多小时才送到…！整体来说，做为一个五星级酒店，差评！！！！！
3.8,可以算的上是一次不是很愉快的入住。从预定开始就问题不断。作为五星级酒店，我不懂是怎么样通过星级评定的，员工素质，服务意识都与五星级不符。说好的前厅经理回我电话也没等到，说周六只有GRO为值班经理，难道酒店就没有其他领导层在吗！从早上八点半开始，前台电话就没人接听，客房预定连房型都搞不清楚。自助早餐，让煮个面条，回答连头都不抬，问了两遍，手一挥说那有，真是无语。早餐价格可是175元啊！！价格与服务能差不多点么。因为疏忽将孩子的水壶落在了用餐那，回房间打电话寻求找下是否还在，竟然要我自己下去找，说他们在忙，真是……反正酒店整体给我印象就是员工素质差，更别提微笑服务了。至少下次我是不会再选择这家酒店
3.8,"酒店位于地铁浦东大道站对面,出行蛮方便.服务有待提高,入住手续办理较慢,足足等了一个半小时,停车场人员指引马虎,停车不方便.但房间整体感觉不错,设计/卫生/景观，性价比高。"
2.5,第一次入住感觉不错，于是选择第二次入住，没想到失望至极，五星级别名不副实。预订的是豪华房，但实际入住的和网上高级房的房间是一样的。和前台核实，却被告知高级房和豪华房是差不多的，但想请问的是，那为什么价格会有差别？房间陈旧，进门地面坑坑洼洼的，更令人不爽的是被套上有大片污渍??，大半夜的换被套，弄得满屋子灰尘。一个五星的酒店，真是没遇到过。
4.5,交通方便，房间也很舒适。
4.5,周边在施工 离地铁站很近 房间有点小 早餐不错
4.5,酒店位于陆家嘴四号线浦东大道站，交通便利，环境服务都还不错，早餐丰富
4.5,免费升级到行政楼层，环境很安静，很适合谈事。
4.5,早餐还是水平不怎么样
4.5,离地铁浦东大道站很近，酒店设施很到位。不错的酒店。
4.5,位置很好，交通方便，商务方便！
4.5,设施稍微有点显旧
4.5,蛮好的，不错
4.5,性价比蛮好的。在浦东地铁站一上去就是，交通很方便。只是周边没有购物过吃的地方。如是在世纪大道站很好！
4.5,满意，服务好
4.5,环境不错 自助不错 就是班车太锉了 等了十多分钟 结果人太多 硬没挤上去
4.5,很超值的酒店，除了外面在修路出行不太方便其他都不错！！！！！
4.5,房间不大，环境不错，总体比较舒适，价格还ok吧。
4.5,不错不错，但前台接待能面带微笑(尤其是那位先生)，热情些，那就更好。
4.5,床很舒服，服务不错，就是去东方明珠有一段路。
4.5,房间内部很一般，跟快捷酒店差不多，性价比很低，房间建筑材料偷工减料很严重，早餐也很普通，不值这个价位
4.5,非常满意！
4.5,请以后直接返现吧，说好返现30元一晚，结果说要下订单时返现项打勾，可我根本没看到有此项，客服说要向领导申请，希望给我满意的答复
4.5,条件环境不错，距离陆家嘴国金走路15分钟。但前台入住和退房排队太长太慢，态度和效率还有待提高
4.5,就是位置稍差，其他的都非常好啊了
4.5,酒店不错挺满意
4.5,服务有提升 环境还行
4.5,服务员很热情，早餐很好
4.5,其他都还好 就是酒店物品的消费优点贵啊 一瓶可乐25元
4.5,办理入住时间比较长，到楼上房卡不能用，上下跑了3次
4.5,还不错
4.5,周边冷清了点，硬件设施还可以
4.5,入住办理有点慢，房间不错，早餐不错
4.5,早餐很不错
4.5,住宿没的说，实力点赞，只是房间的wifi有点卡算是一点点缺陷吧，服务员非常的热心有礼貌。
4.5,很好，值得再住
5,房间干净 舒服
5,紧邻黄浦江，位置不错，酒店房间标准大小，还好
4.3,酒店窗外的风景真是绝佳，人品爆发。亲子出游性价比不二选择。
5,性价比不错的酒店，就在地铁口边上。
4.3,大饭店很有名气的
5,房间很棒，光线好，景色好，而且我的要求很多，酒店都尽量满足了，住的很开心
5,真的很不错哦，最近上海的天也很蓝，美美的，这边风景也好。
4.3,设施陈旧，期其他都OK，升级到裕景房了。
5,房间有40平，五星级水平，四星级价格， 628双早，还看江
5,很不错
5,环境好，安全卫生，服务到位，适合带孩子住宿。
3.3,双早，两人分开前后去吃早餐，结果第二个人去就告知已经用过早餐不能再进。解释了最后板着脸回一句“你说没吃过我总不能不信你”，自己工作失误了还怪客人。因大厅沙发坐满人，于是坐到酒廊临时等人，也被赶出来。。硬件尚可，位置也不错，就在地铁口边上。可服务就实在差劲，住了3天没看到一张笑脸。
3.8,位置比较好，特别地铁很方便，设施略显陈旧，一个房间有一股潮湿的味道。就像大家点评的一样，服务非常非常的糟糕，任何问题都解决不了，并且不是想要解决问题，各种狡辩和敷衍塞责，比如在前台投诉房间有潮湿和霉味的时候，有服务生偷偷去房间喷了空气清新剂，然后等我们回房间了，假装进房间闻了一下，说鼻子不好闻不出来啊，恶劣到极点，空气清新剂的恶俗香味恶心了一晚上，特别还是有小宝宝的，影响很大。愤怒
1.5,1. 酒店位置优越，打扫卫生的阿姨服务很好也很礼貌。 2. 酒店的建设有问题，浴缸已经开始开裂，浴室下水不畅，地毯很脏，没有定期清洗，房间隔音不好，房门甚至没有密封条，空调声音很大。 3. 早餐的质量和服务与价格实在不成正比，据前台说餐厅外包雇佣小时工，但是这能够成为服务不好的理由，酒店要省钱，不等于服务被下降就正当。 4. 员工需要培训，这五星怎么来的？
3.3,位置还不错，交通也便利，但是早餐太一般，品种也少；其余还可以
5,"i booked this hotel for a very close friend. He told me the room is super, with a massive bed and a big bath and on a high floor with floor to ceiling windows. He enjoyed his stay very much."
1,差评不是给携程，也不是针对酒店，而是给这个酒店预订部一个态度恶劣的女经理（OR主管）。我于6.26下午为客户定了一个行政间1941元，预定时信用卡担保，且担保不可取消，但是后来由于客人的突发状态想要改行程，我就想尝试一下取消，说真的取消不了这个房费也可以报销的，只是我从客户的角度出发，我想帮他争取一下，就算最后不行，也不可能因此而给差评，大家也都不是野蛮人，因为这确实也是酒店的政策，但让人火大的是这个女经理的态度实在让人气愤。当时我抱着试试的态度直接致电酒店预订部，接电话的一个小姑娘还可以，但是因为我和她说每一句话都感觉她需要在电话那边转问旁边的领导，就是我要投诉的这个女经理，所以我觉得既然这么麻烦那不如我直接和这个有决定权的女经理对话，但是被拒绝了，我就诧异了，你不就在旁边么，接下电话有这么难，事实上我全程态度都很客气，一直在说我知道对你们也很为难，都是可以调电话记录的；但更奇葩的是后面，最后接电话的小姑娘同意帮我转，我本意也是打算把事情再说一遍，能争取取消最好，不行也罢了，反正和有决定权的沟通过那也算争取过，谁知道这个女经理一接电话还没等我开口就嚷着说“我跟你说！你不要再搞了！！！”，我当时就火上来了，说你这是什么态度，可能酒店管理层觉得该经理只是照章办事，但是我再强调一遍，这不是这件事的问题，这件事最后不如我愿我也没有理由抱怨，我投诉的是这个态度，更何况还是作为服务行业的预订部，我个人除了私人携程账户，也管理了携程的公司账户很多年，接触了国内许多四五星的酒店，从没有遇到这么恶劣的服务态度，太恶心。后来没两句我就直接挂了
4.5,Wi-Fi信号非常差！到酒店前台问是否还有房，直接被告知：没有！态度也一副鄙夷的样子！通过携程定了房间，他们也能协调出来了？！成心吧！！上海人就是那个叛子！
3.8,淋浴水压可能是全国最大的，一直要点赞。 早餐依然是没有提高，反而有下降，以前还有米粉，现在就一种汤面，更不用提馄饨了。 前台办理的速度太慢了，等的时间过长，不信的领导可以去别的同类酒店看看人家的速度，拿个秒表计量一下。
3.5,下午14.30到达酒店，被告知房间没收拾好，要等半小时，结果等了1小时，期间无数次询问无果，后调房.........房间和位置都不错，对得起这价格。但服务真心不好，总台连个笑脸都没有...........
2.3,酒店是在浦东大道地铁站口，周边在修路灰比较大！周边生活设施也不全，超市水果店都很少，一到晚上都没人了。还是建议住在浦西比较方便。酒店工作人员办事效率低，办入住要排队等很久！客人都已经办了入住客房都还没有打扫出来。屋里竟然还有死蟑螂。我不知道五星级酒店是怎么评出来的。
4,酒店位置非常好，离陆家嘴很近，附近有地铁，去陆家嘴可以选地铁，因为车有时不太好打。目前由于修路可能交通有点堵，酒店早餐也还是不错的。
4,酒店位置很不错，设施也都很好，游泳池也很干净，早餐也很丰富，下次还会入住。
4,交通方便，设施挺好，房间舒适，总台服务员态度谦和业务熟练，酒店总体不错，就是早餐只有一位的，入住当晚热水不热，不能洗浴。
4.8,整体环境不错，早餐一般
4.8,挺好的，带娃出行，安静舒适才是王道??
4.8,"很好的酒店，房间面对陆家嘴,景观不错。房间设施很好，周末的价格比较低，工作日价格偏高，但综合来说性价比较高。"
4.8,携程开始没结我预订好，经电话联系协商才办好，其余满意
4.8,出差住这里还不错，出行比较方便
4.8,不错
4.8,性价比超高的酒店，早餐非常棒。
4.8,很好！性价比高，卫生舒适，出行方便。
4.8,游泳池服务态度依然的差
4.8,非常好的酒店，房间够大，有两个餐厅，楼上的餐厅特棒，早上有免费班车到陆家嘴，可惜不准时
4.8,非常好，只是周边在施工，得绕路走
4.8,房间非常舒适大气，喜欢
4.8,日本客人很满意，位置很不错
4.8,房间小了点，但挺干净的，周围在修路，交通比较方便，性价比还是不错的。推荐！
4.8,酒店性价比很高，非常值得推荐！下次去还会住！
4.8,推荐
4.8,不错的酒店，客户满意，路修好后就更好了，周边现在有点乱！
4.8,离地铁很近交通方便，设施还算好。
4.8,前台服务态度不好，客房服务及时
4.8,酒店环境不错，硬件设施挺好，软件还达不到最好水平。
4.8,还不错。
4.8,房间设施还可以，就是早餐只有一个人
4.8,硬件不错，服务还需要提升
4.8,前台服务员很赞，只可惜忘记问她的名子了
4.8,总体还不错，就是离东方明珠塔还是有点远。
4.8,可望浦江和陆家嘴美景，浴缸正对江面，很好，就是房间有股潮味
4.8,卫生干净！服务态度好！交通便利！
4.8,离陆家嘴很近，门口有地铁，适合商务出差。
4.8,前台效率太低，其他还不错
4.8,五星里面性价比高得酒店房间不大但风景很好！服务也不错
4.8,位置、环境都很好，性价比高
4.8,港式酒店，酒店设计不错，地铁4号线1号出口，方便。
4.8,整体不错，房间稍微有些下水道的味道。不过大堂内的男礼宾服务一般。
4.8,早餐按五星酒店的标准非常糟糕
4.8,不错的酒店，免费升级了商务房
4.8,还不错。
4.8,房间设施还可以，就是早餐只有一个人
4.8,硬件不错，服务还需要提升
4.8,前台服务员很赞，只可惜忘记问她的名子了
4.8,总体还不错，就是离东方明珠塔还是有点远。
4.8,可望浦江和陆家嘴美景，浴缸正对江面，很好，就是房间有股潮味
4.8,卫生干净！服务态度好！交通便利！
4.8,离陆家嘴很近，门口有地铁，适合商务出差。
4.8,前台效率太低，其他还不错
4.8,五星里面性价比高得酒店房间不大但风景很好！服务也不错
4.8,位置、环境都很好，性价比高
4.8,港式酒店，酒店设计不错，地铁4号线1号出口，方便。
4.8,整体不错，房间稍微有些下水道的味道。不过大堂内的男礼宾服务一般。
4.8,早餐按五星酒店的标准非常糟糕
4.8,不错的酒店，免费升级了商务房
4.8,浦东陆家嘴附近性价比很高的一家酒店。房间布局很好，卫生间尤其宽敞，设施和装修都比较体面。我住的朝北的房间景观很好，黄浦江近在眼前。
4.8,地理位置好。房间很大。安静，正好遇到车展房价899偏贵吧。三楼的早餐听说不错。
4.8,最近门口正在修路，酒店服务还好，房间很干净，打算要一个可以看到江景的房间，前台服务员就给了，赞个。
4.8,附近在修路。房间电话预订很贵，平时和工作日差价很大。携程订很划算
4.8,出差经常住在这里。很喜欢这家酒店的氛围与格调。吃的方面，自助、中餐、商务快餐一应俱全，还可以去楼下的便利店买点小零食和日用品。
4.8,旁边就有地铁，去八佰伴或陆家嘴都很方便，比较安静，酒店设施挺好，节假日定的有优惠，推荐
4.8,很好，很喜欢，满意，酒店服务不错，早餐也比较丰富，位置也很靠近陆家嘴，可望到黄埔江，工作人员也很耐心。 值得推荐！
4.8,很不错，第二次入住了，环境很好，安静，房间三面采光，浴缸超大，早餐好！就在地铁口
4.8,交通方便，设施挺好，房间舒适。不足：入住当晚热水不热，不能洗浴。酒店解释，客人集中用水，供不上热水，无语。
5,干净，早餐不错
5,景观非常不错！
5,环境很不错，满满意意的五星级！
5,非常好，位置和居住体验都很舒服
5,性价比很好的酒店，下次继续入住。
5,酒店游泳很棒！有一个儿童泳池，带宝宝去游泳十分合适！
4.3,周边没啥，到正大国金都需要开车10分钟，总体来说还是不错，毕竟价格在这里，是周边性价比比较高的酒店了
5,"很好的酒店, 商务出差, 很满意!"
5,不错的酒店
5,不错的酒店，在携程上订的价格也实惠哦
5,很不次哦的酒店，周边交通设施也很方便
5,设施不错，前台服务一般般
5,满意
4.3,卫生一般、服务还可以、位置不错
5,交通地理位置好
5,很好的酒店，可以看到浦江的全景。酒店免费停车，早餐很实惠。
5,离东方医院很近，外来看病很方便，地段也很优越
4.3,周边道路在维修，所以很麻烦。
5,非常感谢你们的支持！非常干净整洁干净整洁有序！
5,总体不错的，值得推荐。
4.3,酒店设施还可以 就是大堂服务态度一般性
5,安静、舒适，交通方便、近黄浦椋是出差的不错选择
5,酒店地理位置优越，环境优雅，酒店服务好，点个赞吧??
5,各方面不错
5,不错 性价比很高 还免费升了房
5,住在附近很好！！！
5,性价比非常高，酒店房间很舒适，地处陆家嘴金融圈
5,非常不错的酒店，值得推荐给大家
5,不错的酒店，地理位置相当好， 进出方便，然望 服务能更好点。退房时间有点长， 这个希望 能今后改进。
5,离地铁很近，酒店环境很好
5,还不错
5,好很好非常好可免费游泳超级喜欢
5,每次来都住这家，不错。
5,适合商务出差，酒店设施，服务都很好。
5,很不错，环境很好，交通便利。好评。
5,酒店干净、设施齐全，出行非常方便，很满意！
4.3,真心不错！推荐！早餐也挺好的！
5,酒店前台服务很好，交通也方便
4.3,总之还是推荐 很方便的酒店 就是这个修路要很久 自驾的话或许有些不方便
5,很不错的酒店，服务环境都很好，出差的不错选择
5,很雅致的房间，在寸土寸金的上海，房间宽敞舒适，整洁！而且各种功能一应俱全。以后上海就认定你了！
5,还不错。
5,帮朋友订的，应该不错。
5,真心不错。
5,总体不错，虽然酒店是老五星，但服务不错，设施也还可以，主要价格便宜，性价比高。
5,不错，各项设施服务到位
5,非常棒的酒店，很干净，交通也方便，出门就是地铁，
5,浦东大道在装修，价格略便宜，真的性价比高
5,很满意。。。。。。。
5,酒店性价比很高，环境和服务都不错！
5,很好！很舒适！
5,好 前台服务人员很好 还免费升级了
4.3,附近在施工， 晚上有点吵。 交通很便利，出门就是地铁站！
5,地方确实可以。房间稍贵！
4.3,服务不错，就是刚到酒店床上有个血斑，不是很舒服，后来也没有和酒店说，希望以后加强，而且床上的东西有点潮湿的感觉
5,不错
5,公司领导出差的不二之选，主要离公司近，附近交通什么的都很方便！
5,干净安静
5,不错！
5,很好的酒店，各方面都很满意。老外同事出差经常定的。
5,不错不错！
5,两个小朋友好喜欢，卫生间也够大，还能看电视，很棒，窗口能看到黄浦江，赞～下次来还会入住！
4.3,酒店超高性价比，但是周边在修路，自驾很不方便，其它都不错。
4.3,前台服务态度一般
5,环境不错，位置稍微偏点
5,性价比超高，交通便捷，硬件软件都超乎想象，以后去上海就选这家店
5,不错哦
5,还可以吧还行吧设施一般化吧服务有待提高
5,位置好，景观好，满意。
5,帮朋友订的。习惯性好评。
5,很好，前台开房慢了点
5,不错
4.3,不错，朋友很满意。。。。。。。。。。
5,经常带儿子来，客房干净整洁，这次去了酒店的泳池，环境还可以，泳池偏小，水温较冷，不过儿子还是玩得很开心
5,房间很安静也很干净 地理位置还可以出门就是地铁4号线站
5,比较好，前面路在维修，内部不错，帮助朋友预定的，说是下次还愿意住。。。。。。。。。。。。。。。。。。
5,挺好的。健身游泳都免费，游泳的话要自带泳衣泳帽
4.3,酒店总体不错，就是空调声有点响。服务人员比较专业
5,虽然大道在修路，不过选择这个酒店是因为离公司超级近，方便。
5,不错
5,房间比较小，卫生较好。 酒店位置离地铁4号线很近，出行很方便。
5,挺干净，位置方便快捷
5,很好，浦东老牌五星，这次体验不错
5,房间里的大浴缸超级爽、早餐也超级丰盛！
5,酒店位置很好，环境优美，卫生干净，服务到位
4.3,出差距离近
5,担保订单，到酒店后升级了超级豪华套房，点赞
5,酒店不错，服务也很好，下次会继续入住
4.3,酒店门前在修路，有点儿乱！一楼的快捷餐厅真是又贵又难吃！早餐人也很多！总之，不推荐！
5,不错
4.3,房间比较小，但性价比还不错
5,不错的酒店，只是附近吃的很少。
4.3,大堂一般，门口在施工。性价比尚可
5,习惯性好评，其他的都可以，就是酒店外修路，会堵车，听的士司机说路修好久了都没修好。
4.3,隔音比较差，离地铁近，边上配套一般
5,交通方便 干净卫生 性价比高！
4.3,中规中举！环境近处修地铁～远景陆家嘴黄浦江太美！总体说来不错
5,特别好！性价比很高！出门就是地铁！
5,酒店不错，早餐也很好，出行方便
5,房间都不错，就是早餐餐厅服务员不热情
5,HAO好的，不错 AO好的，不错 AO好的，不错
5,挺好的，下次还来住。
5,开会住宿，条件不错。赞赞赞
5,非常满意哦，带宝宝来上海玩交通非常方便，出门对面就是四号地铁站，想去的地方都能到，去陆家嘴公交车也很方便。下次来上海玩还会住这里
5,帮朋友定的，朋友很满意
5,还不错，帮人预订的
5,满意
4.3,还不错
4.3,比我想象的干净了，位置很好
5,我觉得整体感觉很大气，设备比较先进。环境也比较好。
5,挺不错的 江景也很好
5,交通出行很方便。
5,基本上来上海都是住这个酒店了，也因为他们酒店有时候太贵，住过别的酒店，但是最后都不满意，以后还是住裕景吧
4.3,还不错
5,不错
5,房间不错，裕景房浴缸不错
5,不错
5,给同事预定的，价格合理，酒店设施和服务都很好，位置也不错。值得推荐。
5,不错的酒店，能看到环球金融中心和上海中心，夜景很美。
5,朋友说风景如画！视野开阔！很不错！
4.3,地点位置不错，周围交通便利。服务不错。早餐普通，但价格很贵。不过，近期发现上海五星饭店很多早餐都很普通。相比之下，裕景算好的，但价格贵。总的来说性价比普通。
5,各方面服务都不错，就是房间有股怪怪的味道！
5,地点不错，就是周边在施工进出有点不方便。
5,不错
4.3,环境不错，服务还有待提高
5,整体满意
5,帮老公订的，听说不错。
5,酒店挺干净 距离市中心也很近 购物吃饭很方便
5,满意
5,位置还可以，停车也方便，卫生，环境好
5,很满意.
5,非常好，多次入住。以后有机会还会选择这里。
5,房间宽敞而且景观好，位置交通方便，推荐！
5,还不错
5,酒店位置不错，环境也很好，晚上睡的比较安静，早餐也很不错，很值。
5,非常好，就是前台服务态度像快捷酒店。
5,交通非常方便
5,性价比高，还免费给我升级到行政套房，可以观江景。酒店设施和服务可以比美五星酒店。早餐一般。下次还会再来
5,不错的酒店
5,不错，挺好，干净舒适
5,位置不错 还是江景 运气真好
5,都非常不错
5,不错
4.3,前台服务人员比较少，也没有想象中的热情。
5,房间不大但比较精致，所住的楼层很高，窗外就是黄浦江，以后到浦东还要住那里。
5,不错
5,"近地F站, 交通方便, h境合m。 近地F站, 交通方便, h境合m。 近地F站, 交通方便, h境合m。 近地F站, 交通方便, h境合m。"
5,酒店交通方便，服务周到，环境也不错。
5,非常不错，设施好，价格合理，性价比高。
5,不错，下次还会来
5,都不错，都很好，还是挺方便的。
5,酒店服务还是不错的
5,舒适
5,住的很舒服 还是很满意的
5,很干净
5,还可以，出行也方便，出去就有地铁了
5,舒适，内部环境很好
5,非常满意的一次预定，这个价位性价比很高，床超大，适合三口之家。
5,不错
5,非常不错面对江景，很漂亮，
5,环境很好，周围比较安静，早餐很棒
5,酒店环境很好，就是晚上看不到江景
5,说实话，房间不错，就是早餐不怎么样。
5,还不错 总体比较满意突破破名字
5,我每次都住这里，非常满意！会一直来捧场的！
5,风景还不错，浴缸能看到陆家嘴三件套，就是楼下马路施工。
5,不错
5,非常不错的酒店，可以看到黄浦江，推荐高层
5,不错的酒店，价格不贵。
5,不错
5,一、有我喜欢的落地窗；二、这么好的位置这么好的价格！
5,四周交通方便 旁边有地铁站便利店 很好！
5,非常完美，地铁旁边，方便
5,服务周到，还带早餐，颇实惠
5,不错
5,行政酒廊不错
5,非常不错的体验，尤其是周末价格更好。
5,很不错 除了贵 没有什么不满的 而且有会展节日什么的更贵的离谱了 不过酒店后面那条街有点怕怕的 晚上都很少有人走
4.3,我是预付房费，入住被告知是但保的，又交了房费，入住后和协程沟通太麻烦了，
5,交通方便，位置很好，环境也很不错，设施够新。
5,就是地方有点偏，打车都不方便，其他的都好，总体还是特别满意的！
4.3,环境一般，旁边在修路。
5,据说不错
4.3,五星级的服务不错，设施有点老了
5,舒适
5,很棒啊～服务又好～…哈哈，为什么一定要十五字点评呢
5,房间挺大的，离四号线一号楼非常近。
5,性价比高，距离地铁近，自助早餐很丰盛，服务好。
5,酒店很嗨，服务很到位，房间很大
5,很好很舒服的酒店，下次还会再次入住！
5,连住了三晚，环境不错，出行也方便。
4.3,总的来说还不错，就是门口在修路
4.3,早餐很方便，房间里没有独立的淋浴房很不方便！
5,非常满意的酒店，浴景房安逸啊，三面景色，楼高36，服务也不错，医博会期间这个价格实惠的了
5,非常不错，老牌的酒店。有优惠的时候还不贵。
5,非常好，房间设施高档，性价比很高，难得浦东陆家嘴区域有这个性价比
5,常住，领导客户满意是我们的追求，还行
5,酒店还不错的。服务好。离茅先生公司很近。中午还可以一起午餐 哈哈 爽爽嗒
5,一直入住的酒店，地段非常好，交通方便。
5,酒店的设施非常好，服务也非常到位。以后还会选择。
5,经过裕景很多次，第一次在裕景住。的确很不错，以前在裕景的商务楼办公过，品质真的是很好。出行也方便，非常容易地就可以坐上地铁
5,可以的，没有问题的，各项设施齐全，服务也周到。
5,干净，舒适。早餐可以，性价比高
5,价格实惠交通便利服务周全适合商务出差
4.3,位置超级方便，出地铁抬头就看到
5,都不错
5,不错的！
4.3,周边施工~环境较差，酒店一直稳定
5,非常不错的酒店，感觉很好很舒服，位子也不错，在黄金地段
5,每次出差都住这里，老外比较喜欢，推荐。
5,超级好的酒店，全部五星，太喜欢了，还会入住的
5,多次出差都入住这里，毗邻地铁口，交通非常方便，酒店设施也很好
4.3,不错，房间大，尤其厕所大
5,位置非常好，景观房，距离陆家嘴金融很近
5,环境相当不错，五星酒店就是不错，朋友相当满意，不过就是酒店消费略高，剩下都挺满意的
4,淋浴间的水全都流出来啊，整个洗手间都淹了，真恐怖。早上用餐时忘拿勺子了，麻烦服务员拿一下，他竟然说前面有自己去拿啊，虽然最后还是很不情愿的拿过来了。
5,很不错的宾馆。住着很舒服。交通也方便。价格不是很贵，商务出差住住很不错啦。早餐也很不错。只是酒店前面的大马路在修理，周围环境看上去不是很好。等修好了，估计就很OK了。
4.3,清远是广东人非常喜欢的度假地，玩的方面当推温泉和漂流，清远有丰富的地下水资源，较为著名的温泉旅馆有银盏温泉，既可享受自助餐，又可依据自身需要在不同温度的泉水中浸泡，还有沙滩排球、健身室等；漂流的话，我去的是古龙峡，落差达120米，很刺激。吃的方面清远则以清远鸡而文明，味道鲜嫩，但偏清淡。
5,酒店虽然不在陆家嘴核心区，但是离东方明珠/金茂等地距离在2公里之内，房间可以俯瞰黄浦江，性价比很高。美中不足的是目前酒店门口正在修路，附近商业配套还不是很多。
4.3,看起来像是很老的五星级酒店。总台服务员态度谦和业务熟练。自助早餐的服务员真心不行，我们在用餐过程中，看到服务员与客人发生激烈争吵，争执原因不明，但明显影响就餐环境。
4.3,所住房间视野相当的开阔，名气不算大，能够有这样的入住感受已经很不错了，在经济条件不能够满足超豪华五星的情况下，这应该是最好的选择了。
5,比较不错的地方，我去的时候边上在修路不太方便，楼下就是地铁还可以，但内部设施比较好，服务也比较到位 去上海还是会住这个地方。
5,非常不错的酒店，位置也好，吃饭也方便，很棒！
5,可以看到黄浦江，夜景非常不错，早餐也很丰富，WIFI略贵还不快，其他都很赞
5,环境，设施，停车场，位置都不错
4.3,位置很好很方便。酒店服务很好，由于退房匆忙没有拿发票，电话前台寄送发票，态度很好！赞一个！第三天就收到了。下次还会选择入住
5,位置环境都不错，下次还会入住。
5,总体感觉还是不错的，卫生服务都不错！
4.3,周边修路，不然地段还是不错，离陆家嘴较近
5,非常不错，早餐很丰富，升级到裕景房，可以俯瞰整个黄浦江，白天晚上都超美的。房间设施非常完善，酒店服务也很周到～非常非常满意的一次体验。以后有机会还会来住的～
5,设施好， 服务好，干净整洁，性价比好，很喜欢这家酒店的氛围与格调。吃的方面，自助、中餐、商务快餐一应俱全
5,出行方便，地铁口就在门口，作为一家5星级酒店，设施也没得说，餐厅的食物也很美味，很满意。
5,外宾为主的酒店，如果你想远离国人的喧闹和无序，享受不错的装修服务品味，来这儿就对了
4.3,4月2号晚上一位大堂的工作人员态度不是很好，不知道他的具体职务是什么，站在酒店外面客人上下车的地方，让他帮忙叫车，他却要我们自己去找礼宾部
5,住了很多次了，每次都比较满意，酒店服务不错，早餐也比较丰富，位置也很靠近陆家嘴，办事很方便。值得推荐！
5,酒店的服务、设施、卫生都很满意，交通方便！
5,不错，交通很方便，楼下就是地铁4号线，通过沿途换乘可以走遍上海了。
5,挺好的，值得推荐，只是吃饭有点小贵。
5,离地铁4号近，交通方便。附近有超市，购物也方便。离滨江大道越500米，去散步也很近。总体不错。
5,习惯在携程上订房间，价格合理，不错！出门对面就是地铁，方便出行！
5,酒店交通便利，环境优雅。服务5星。总体感觉很好。特别满意的是卫生间很大，整体房间也很宽敞。下次还会再入住！
4.3,离地铁4号线很近，就是住的第二晚，八点多回来的时候热水就不热了，五星的酒店不应该出现这种状况，其他都不错。
5,环境很好，房间有浴缸和淋浴，干湿分开，景色很好，还有室内游泳池，中间有按摩浴池，很舒服，服务也不错，交通方便，地铁4号线出来就是
4.8,很棒！酒店给我安排的房正对陆家嘴，夜景很不错哦！
4.5,正在修路，客观上还是有些不便的
4.5,"Good location, very near to the #4 subway station, just cross the road. The Liujiazui area is also very near. convenient to shop and eat."
4.5,边上在修路。到了没房间了升级。服务不错
4.5,性价比好，希望能延续。美中不足，楼下施工有些吵
4.5,有些老旧了
4.5,拥堵时段座地铁方便。开车拥挤
4.5,"Great hotel, very clean and staff is excellent, just too much construction on going around."
4.5,整体还算可以的，价位适中！！！
4.5,蛮好的。价格合理
4.5,酒店可以。通过携程订的，拖延确认了大半天不说，订的尽量安排大床房，结果安排的标间！！！简直无语了！！
4.5,灰常好
4,不错的 性价比高
4,除了前台效率不高，其他都可以。有时朱可少可以帮忙升级房间。
4,不错，第二次去了
4,不错
4,靠近黄浦江，风景不错
4,还不错
4,自助早餐不错，服务尚可。走廊地摊好脏啊……房间还可以。
4,前台办理入住退房速度超级慢
4,酒店位置离陆家嘴很近，到酒店北面的昌邑路环境很糟糕。
4,酒店各方面都不错，唯一不足的是酒店周围修地下通道，半夜还在施工
4,酒店就在地铁口，周围修路，整体还是不错的
4,每次来都住这家酒店，环境设施都不错，离陆家嘴也很方便，可是这次给的房间小了点。
4,酒店不错，床舒适，门口就是地铁站很方便。
4,地方出行方便，门口就有地铁，步行也很快可以到东方明珠塔，这个五星级感觉不怎么像，去酒店稍微早一点都会等才能入住
4,修路！不方便。十二点多来的，没搞卫生说要二点，结果等到两点半！
4,浦东大道一直修路，交通太不方便了
4,服务太差了，前台一副刁不垃圾的样子，建议大家不去携程定这家酒店，看不起网上订的！
4,酒店价格还可以，就旁边在修地铁
4,酒店地理位置很好，出行方便，酒店设施有点老，早餐贵
4,酒店不错，交通地铁很方便，就是门口修路，拿房一定要下午二点后会空点
4,一如既往，交通便利，不过退房排队时间过长。
4,不错
4,酒店给升级到行政房，但不可享受行政房的待遇。早餐可以。
4,交通很方便！ 就是修路
4,出行方便，早餐一般，房间隔音不好
4,还不错，服务一般房间整体还行
4,地理位置还不错、只是周边修路，环境有些嘈杂，价位稍偏高
3.3,酒店周围都是工地，挺吵的，但是门口对面就是地铁口，交通方便，酒店设施还可以，房间卫生一般，桌上都是灰尘，前台登记态度太冷淡，没有笑脸，早餐品种也不多，感觉酒店留给我的印象一般！
2.3,酒店早餐很差，热菜是冷，味道极其一般，酒店宽带很差，无法满足正常的上网需求，room service服务态度让人感觉非常不好，无法想象是五星级标准，浴室龙头是坏的
3.5,设施什么的都挺好的、就是服务有问题、入住的4人、反复确认了赠送了2人早餐、第二天2人去吃了早餐、接待服务员说一用4份早餐、那两人说明明是2份早餐、服务员拿出名单写、写着4人、结果我们吃了4份早餐、退房的时候又让我们补上2份早餐差价…………这都什么服务
3,酒店周在修路，出入是有影的，浴室的水全部倒灌到整洗手g，不知道什N原因，4桥Ｅ硼^的服T端三酒杯砸了2，也是醉了，早上退房排排了快半小r，真的不是很好。
2.8,前台排队太长 早上打电话一直打不通 周边这几天在维修 比较脏和吵 游泳池也关了维修 这次住了四天 感觉一般般 毕竟一分价钱一份货吧 房间还算是干净
3.8,天太热，想退单不去了，携程告知改单不可退！很无奈，只好去了，到大堂登记入住，被告知根本没我的信息，火瞬间上来了！又遇饭点，又只好拖着行李抱着娃先吃饭！幸好问题解决了，不然真是无语死了，强烈建议携程监控下酒店订单流程！酒店本身环境不错，周边感觉就是城乡结合部？
3.5,去上海出差住了一晚，位置很方便。出来地铁就能找到。但是设施偏旧，入住的时候，床头灯就坏了。后来换了个房间。 总体感觉一般。推荐指数不高
3.3,酒店偏老了，老五星标准吧，服务也不热情。我们一共有两个房间，想安排在一起，结果一个03，一个23；后来发现23的房间有烟味、被罩也不干净，有红色斑点，要求换房间，给换到了05，变成两个房间基本上挨着了，当初不晓得前台为什么不这样安排，难道因为在携程上订的被歧视了？！
4.8,感觉挺好的，就是在修马路，有些不太方便
4.8,挺好
4.8,可以
4.8,非常好。
4.8,酒店不错性价比高！
4.8,好…….…………………………
4.8,好
4.8,"Been here several times . Things are quite in order, and as 5-star setup. Good choice !"
4.8,酒店还可以，比例难打车，门口施工
4.8,酒店给升级到了套房。房间很大，性价比很高，服务生很礼貌。
2.8,首先说房间，存在较多问题，房间一次性拖鞋是经过反复洗过使用的，电话至服务台，人员含糊其辞，开始还肯定的说他们都是一次性，后来一再追问下说让服务员再送一双过来，来了继续追问果然是反复使用，这还不是主要的，恶心的是洗手间有臭味，白天没注意，夜里回来阵阵恶臭，找了一下，是面盆下水里面出来的，当时反应，服务员说只能等明天来处理，第二天一大早出去直到夜里回来还是同样问题，而且更臭了，没办法只能将浴巾弄湿堵住面盆才好了些，雷人的是卫生间连排风设备都没有！另外，棉织品清洗质量不好，估计是外送清洗的，总台人员热情度不高，进店和离掉需要等很长时间，特别是结账效率奇低！没遇到结账这么慢的，总得说来，服务也就三星级，设备差不多抵个四星！与挂牌五星差距甚远！哦，还有，电视台没几个清晰的，都是雪花，唉，这种酒店不会再入住了！
4.3,超值
5,酒店位置不错，地铁口出来就是，不过感觉就是酒店有点旧了。
5,周末特惠625一晚，还是很合算的。就是单早是个什么玩意，要么你就无早算了，双人房单早你几个意思…
5,环境好，寂静！交通方便！下次还来。
4,酒店位置一般般，性价比有点低，价位实在高，附近也没什么吃的，总的来说，这个价位，还是差强人意的。希望可以便宜点以后。
4,卫生间较大，浴缸可以，卫生可以，设备不够时尚，但还算大方。
4,四号线旁边，地铁还算方便，设施有些老了，四星还差不多
4,不错的酒店， 出入比较方便，服务也不错。就是中餐厅的菜肴不匝地，点好的菜等了好长时间来告诉我们菜烧毁了，心里比较郁闷，结果送了2只甜品。
4,交通方便，离东方明珠很近，地铁就在酒店对面。只是酒店周边冷清，连个吃饭的地儿都没有。
4,总体还是比较好的，交通出行都比较方便，就是周边在修路，有点吵。房间面积比较小，感觉有点局促。自助早餐一般。
3.8,酒店内部环境非常好，交通也便利，虽然江景远了点，但还是看的到江的。酒店门口在修地铁，稍微有点感觉不好。
3.5,设施设备还可以，就是进店就被穿着西装的礼宾雷倒！一边打电话，一边配合着节奏斗腿！真是有才！
2.3,锁是坏的 江景的话见图吧 搬行李的服务员态度很莫名 前台一时找不到我的名字 不值这个价钱
2.8,还不错
3.8,酒店位置很好，出地铁口就到，很方便！环境及设备也挺好，蛮喜欢那个卫生间那个浴池！
3.5,交通方便、对面就是4号线。早餐品种多、夜景还行！
4,"Still good this Hotel after so many years. The construction work outside is a burden, but you dont feel it much when you are in the Hotel. But Check In and Out needs to be improved as it definitely took too long time. Only 2 people are working there at that time and so many customers in front."
1,酒店的服务简直差到家了，这辈子都不会再入住这家酒店。前台接待好像谁欠钱一样。办理入住的时候慢的像个年迈的老牛一样、退房简直神速、我就呵呵了。一万个差评
2.8,服务太差，下午两点钟到酒店，竟然让我们等到下午三点才给我们地方住，服务员态度还很不友好，一副无所谓的样子。前台就两个人，办理入住和退房排长队。太令人失望。
3,五星级酒店，硬件是达到了，但是服务竟然差到这个程度，也是我第一次遇到。服务中心的电话要么是打不通，要么接电话就是半死不活的声音，而且态度极其蛮横，什么你别问我，我不清楚，要么就是已经给你说了，你催促也没用。而且大堂经理也会很蛮横的说，我们觉得一点问题都没有。另外，同样高级房或者豪华房，有大有小，差距非常大。
2.3,很少给差评，酒店服务真的不行，结账排队半小时，服务员完全没笑脸，还看到服务员和客人吵架，哎。吧台饮料没看见价目表，一罐可乐25，这也就算了。反正以后不会再住。周边吃饭也很不方便
3.5,前台服务，和行李房拿停车票是服务态度差。。。也可能饭店生意好，，，就这样了。。。哈哈。。。反正我以后不回去住了。。。因为我可是花钱去住酒店的。。。。这应该是回国8年中国酒店最差服务态度，，，我同事的遭遇更离奇，，，他已经点评了。。
2.5,办个入住办了10分钟，携程订的房型也给随意变了不通知，楼下正在大兴土木早上8点就是电机的声音很吵，这点很差，完全影响质量。
3.8,酒店是个不错的酒店，但价格偏高了。酒店通过销售代理出售所谓的会员卡，给了一堆打折的票，然而订房时发现打5折的价格竟然比在携程自己订的还要贵，而酒店坚持销售代理已经结束了和酒店的合作，酒店这种不负责任的行为应该受到谴责！
2.8,说实在，这次裕景饭店的服务实在是太差，我定的是行政楼层，服务人员跟我说，虽然是行政楼层却不享受行政的服务内容，我问了原因竟然是说我定的时候价格很低，所以不享用！这真是对客人大大的侮辱，因为我还看到其他公司的协议价是886，我付给酒店的是971元，真不知酒店是如此对待旅客的，关键酒店居然纠结是一件很小的事，我的一件巴宝莉的风衣因为有点皱，要她们熨下，她们就各个部门的推诿，确实一个大饭店是这样的服务着实让人寒心呀！
5,很不错了
5,好
5,免费升级了行政楼层，但是房间也太小了，一个晚上都没睡好，闷死了
5,都还可以
5,一如既往的好。非常靠谱。
5,浦东大道在修路，有点吵
5,经常住，很好
5,挺好
5,很好，性价比高
5,好！
5,环境很好，可以看到黄浦江
5,很好
5,很不错，江景房，地铁口
5,一直喜欢，一直住这家
5,性价比很高
5,环境不错
5,服务到位，价格合理，位置方便。
5,还可以……
5,酒店地理位置佳，性价比较高。
5,五星！好！还没想到不如意的地方！！！！
5,哎呦，不e哦??
4.3,半夜到达的，一下子给升级到套房，受宠若惊了。
5,一如既往的好
4.3,位于4号线对面，出行方便，早餐丰富
5,酒店房间满了 免费升级 赚到了
5,方便，熟悉，房间温馨
5,性价比超高的酒店，下次有机会还会来。
5,好好好好好好好好好好好好好好好好好好好好
5,非常好五星级酒店，外滩附近的酒店都住过一些，和平，凯宾斯基，威斯汀，香格里拉都不如裕景性价比高，非常好，下次过来，没得说，肯定住裕景大饭店
5,好的
5,环境不错
5,好好
5,好得不得了！
5,很好的酒店
5,环境很好，房间没有还给升级了套房，很不错。
5,每次都住这里，性价比超高的酒店
5,非常好
5,非常好
5,总体性价比高
5,很好
5,"酒店还可以,主要是地c好,c地F相,去那都方便,只是建B地P不知要什Nr候才弄好"
5,环境很好，房间也很舒服，床很大很舒服
5,环境不错，服务到位，下次还会再来
5,性价比高，浦东陆家嘴步行15分钟，比较方便
5,环境好，服务态度到位，商务出差好住处
4.3,蛮好
5,好
5,还行
5,棒????
5,还可以………………………………
4.3,帮朋友预定，朋友说房间不错。
5,好
5,好
5,好好好
4.3,好很好
5,环境很好，设施齐全、服务态度较好，视野很好
5,很好，第一次住。下次出差还住
5,服务不错，位置不错
5,位置不错，就是最近修路，有些不方便
5,very good hotel
5,这次很感动，直接升级到行政房，我真的是很容易满足啊。
5,这次很感动，直接升级到行政房，我真的是很容易满足啊。
5,在合适的时间里预订的酒店性价比超高
5,交通方便，酒店设施算可以
5,很好
5,赞
5,环境不错
5,环境很好，服务不错，性价比最高
5,酒店位置好，价格好，早饭好，服务好
5,帮同事订的酒店，看上去很高大上。
5,酒店设施很好，帮朋友订的
4.3,挺好的 就是周围在修路
5,紧临江边，景色好。酒店环境卫生好！可以考虑。
5,住的高级房，很舒服很宽敞
4.3,还行吧，就是价高
5,非常好哦，也不贵的五星
5,交通便利，很好????
5,一般
5,工作人员很不错，性价比也高
5,还行
5,经济实惠
5,酒店交通方便，地理位置优越
5,房间很大很整洁，就是地方不太便利。
5,还可以！！
4.5,春节里的自助早餐太糟了，不符五星标准。
4.5,价位合适，地点不错，门前修路，稍有不便
4.5,周边在修路
4.5,位于浦西，夜景非常漂亮。隔音效果非常好。酒店早餐品种繁多
4.5,不错'这个价位还可以。
4.5,地毯有跳蚤，弄到脚被咬很痒，服务很好。
4.5,价格不错，早餐质量差。
4.5,位置很不错
4.5,酒店环境不错，服务很到位，交通也很便利
4.5,早餐感觉没以前好
4.5,环境好，早餐也好吃，性价比高。比起住500多的商务型酒店，多花100多块钱，很超值。
4.5,酒店有些设备不是很新，但交通位置不错，出行办事方便，但在预定房间时很多选项勾选后，却被通知无法选房，为房间预订增加了不可确定性。
4.5,交通方便，房间宽敞，服务也不错
4.5,总的还不错哦
4.5,酒店还是不错的，周围是老小区，晚上烟花炮竹放的没法睡
4.5,服务和卫生很好
4.5,周边环境在施工，这不是酒店的问题。房间升级了。很感谢！早餐也很丰富，服务特别好！
4.5,帮朋友订的，据说打车不太方便，其它尚可，不过在上海外滩这样的地界这个价格算便宜了
4,通过携程预订了3晚，是预付费（早知道无论如何不会选择这种方式了）因朋友签证出现问题，跟酒店协商，说退是不可能的，改也不可能，一百个不可能，原因是预付款了。比较不愉快的沟通，当然对不完全是怪酒店，酒店和携程客服是互相推诿，酒店说携程给退我们就给退，携程说酒店给退我们就给退，就是把客人停在杠头上。那么个号称5星的酒店，全部满房，沟通如此困难。那么大个携程，收了钱要找退换那简直是登天一样难！
2.5,以前几年都竭力推荐德国客户住这家酒店。但这次明显感到服务档次下降。客人也报怨服务不如以前了。不能再安排外国客人住这里了。
3.5,酒店地理位置很好，就在地铁口，出行很方便。酒店设施较旧，服务也一般，体会不到五星级酒店的档次。早餐还可以。
3.5,环境一般，保利广场周边，小吃店多，服务还行，就是酒店内部设施经常出问题，充电插口，网线接口都有问题，房间不大，达不到五星级水准，充其量准4星！
3.8,酒店在比较好的位置，所以人比较多。 早餐也还好，比较全。 唯一不满的就是前台服务员，穿红色衣服的年轻姑娘态度不是很好
2.3,卫生一般般，服务太差，前台电话经常要等很久，拿条干净浴巾等半个小时，这也称的上五星级？搞笑来的
4.5,"I think is a great option for business, but if you are going as a tourist is a little far away of the hot spots. There is a subway station just crossing the street so you can go almost anywhere. The personnel is incredible nice and the breakfast good."
3,客观的说，房间还好，但是前台服务真是弱爆了。 之前办了预授权，出差完毕所以退房了，几个小时马上要离开上海却突然又接到他们酒店又超越我的预授权扣了我的钱的通知。找了他酒店让我找携程，找了携程让我找酒店，莫名其妙刷了1706块钱，还搞不清楚到底是哪里的钱。半年过去了，至今还没有得到合理解释和处理方法。不论什么形式，怎么可以不经过允许就直接扣了？没有任何解释，招行信用卡也是醉了。 商务出差，至今没有把发票给我寄来。 用携程这么多年，这次太失败了，虽然我的留言估计没人关注，还是忍不住吐槽了。 坚决不会再住了。
4.8,商务周边很方便，舒服.
4.8,还不错！挺干净的，在窗边还可以看黄浦江夜景！
4.8,很不错的服务
4.8,蛮实惠的，价格便宜，设施还可以。
4.8,酒店各方面都很好，只是酒店外面施工，所以交通不是很方便～
4.8,酒店房间可以，有免费停车，楼下就地铁站方便，早餐也好，五楼中餐较贵。
4.8,酒店服务细致入微，卫生洁净，期待下一次入住！
4.8,周边修路，但不影响休息，服务质量不错！
4.8,订的大床，到酒店无法提供，只能加钱升级。不过酒店的内部设施是不错的…
4.8,相当不错，就是早晨所有油炸的食物都咬不动
4.8,还不错的酒店，就是现在前面在修路。性价比还不错，来的太晚，没有大床房了。
4.8,别的都很满意，就房间隔音效果差
4.8,设施设备都挺好，服务就一般般，没有什么笑容，也没有多热情
4.8,达到5星标准的酒店，很好，早餐超级丰富，??一个
4.8,整体还是不错的。前台那个小女孩服务非常好，老外也不错。给个好评。
4.8,不错的
4.8,淋浴设施有点老化。交通便利，位置不错。第一次住给的房间不错，能看到黄浦江。早餐丰富。整体留下了好印象。
4.8,干净，地理位置也不错，离东方明珠近。
4.8,安静 整洁 服务很周到！
4.8,酒店总体不错，就是早餐只有一位的，带孩子去半价还要85.1元，找了一堆零钱给我。这一角就不能去掉吗？晕。
4.5,熟悉的老酒店，经常住，各方面都还行。
4.5,地点离陆家嘴金融中心区域比较近，酒店设施不错
4.5,整体服务水平有空间改善
4.5,Very nice hotel located close to the Merto line 4. with very nice pool area.
4.5,现在在修路
4.5,服务态度不怎么。
4.5,好
4.5,还行
4.5,挺好且方便
4.5,总体还行 大门边的马路在修
4.5,房间有点小，浦东大道在施工有点吵，别的都还可以
4.5,还好 房间不大
4.5,地铁口，位置好，在浦东算好的选择了
4.5,五星的品质，很不错
4.8,4号地下の目の前に有り、とても便利。スタッフの辘猡趣皮饬激ぁ￥酒をむ所はホテル沿いにg山有ったが、酒をまない食事の鏊が少なく、少しiきが必要でした。
4,酒店还是很好的，性价比高，但是周围在施工，所以，造成周围不是很漂亮的感觉。 但是这个价格确实已经很到位了，晚上还能看到东方明珠呢。
4,酒店还是很不错的，就是门口这个马路一直在修感觉很不好，希望一直有特价保持高性价比
4,帮朋友订的
4,酒店一般
4,环境由于修路比较差，其他方面都可以
4,这个感觉一般般吧
4,至少输入十五个字至少输入十几个字
4,"great hotel to be in, great breakfast, on the top of pudong avenue metro station."
4,还行
4,工地
4,一好好
4,还可以
4,房间干净，服务不错
4,服务冷漠
4.8,总体评价四星酒店，商务呆一天还凑合
